StationName,PeakAM,PeakPM
City Hall,222,7353
Euljiro 1(il)ga,482,12242
Euljiro 3(sam)ga,236,6341
Euljiro 4(sa)ga,238,3072
Dongdaemun History & Culture Park,361,1838
Sindang,1310,1286
Sangwangsimni,1958,998
Wangsimni,1136,1349
Hanyang Univ.,245,1805
Ttukseom,877,5875
Seongsu,997,10660
Konkuk Univ.,2367,3275
Guui (Gwangjin-gu Office),3165,1861
Gangbyeon (Dongseoul Bus Terminal),3765,1956
Jamsillaru,1843,1388
Jamsil (Songpa-gu Office),5742,8536
Jamsilsaenae,2892,1584
Sports Complex,832,734
Samseong (World Trade Center Seoul),656,13387
Seolleung,982,13216
Yeoksam,664,13181
Gangnam,1645,13200
Seocho,827,4247
Bangbae,1135,2806
Sadang,3181,3977
Nakseongdae,3981,1921
Seoul Nat‘l Univ. (Gwanak-gu Office),6048,3536
Bongcheon,3951,1213
Sillim,8722,2492
Sindaebang,4116,1220
Guro Digital Complex,6706,8993
Daerim (Guro-gu Office),2978,2033
Sindorim,6551,4523
Mullae,2195,4882
Yeongdeungpo-gu Office,1858,4636
Dangsan,2037,2443
Hapjeong,2048,4523
Hongik Univ.,2718,6537
Ewha Womans Univ.,1357,1855
Ahyeon,1402,827
Chungjeongno (Kyonggi Univ.),787,2203
Yongdap,372,174
Sindap,289,80
Sinseoldong,208,381
Dorimcheon,166,150
Yangcheon-gu Office,1603,304
Sinjeongnegeori,2406,431
Yongdu (Dongdaemun-gu Office),279,196
