adm_id,adm_nm,yyyym,floating_pop,living_pop,consump,employ,poi,avg_oper_month_g,market_index
11110515,Cheongunhyoja-dong,20262,3522244,11328,3437165000,5324,93,1,LH
11110530,Sajik-dong,20262,3787553,8992,60656678000,45215,206,5,HH
11110540,Samcheong-dong,20262,997562,2247,3656158000,4210,49,1,LH
11110550,Buam-dong,20262,810242,9034,1747743000,1509,84,4,HH
11110560,Pyeongchang-dong,20262,917169,17366,2666329000,14903,162,5,HH
11110570,Muak-dong,20262,1956690,7963,3429466000,485,42,3,LH
11110580,Gyonam-dong,20262,3741631,9715,2622342000,870,78,1,LH
11110600,Gahoe-dong,20262,1223250,3849,3198928000,12996,63,2,LH
11110615,Jongno1·2·3·4(ilisamsa)-ga-dong,20262,13711041,6658,1.11215E+11,109733,500,5,HH
11110630,Jongno5·6(oryuk)-ga-dong,20262,5568256,5376,11999012000,18962,212,5,HH
11110640,Ihwa-dong,20262,5333214,6891,8144332000,1632,119,1,LH
11110650,Hyehwa-dong,20262,9374435,15833,9920599000,4377,145,2,LH
11110670,Changsin1(il)-dong,20262,2904073,4523,3491302000,1733,111,5,HH
11110680,Changsin2(i)-dong,20262,4322588,7511,1239778000,28,38,5,HH
11110690,Changsin3(sam)-dong,20262,893879,6338,379353000,77,24,4,HH
11110700,Sungin1(il)-dong,20262,2331341,5768,868415000,211,43,5,HH
11110710,Sungin2(i)-dong,20262,5173178,9499,2528382000,1325,89,4,HL
11140520,Sogong-dong,20262,2436608,2178,2.45042E+12,92258,231,5,HH
11140540,Hoehyeon-dong,20262,4496076,4380,4.69564E+11,69985,211,5,HH
11140550,Myeong-dong,20262,5748761,2392,4.4169E+11,120704,542,5,HH
11140570,Pil-dong,20262,2575393,4012,5893660000,16151,123,5,HH
11140580,Jangchung-dong,20262,2190476,4549,2515150000,4450,63,5,HH
11140590,Gwanghui-dong,20262,6238343,5676,11256145000,52971,185,5,HH
11140605,Euljiro-dong,20262,4994577,3208,1.54015E+11,17430,145,5,HH
11140615,Sindang-dong,20262,5307915,7385,5198182000,4203,99,5,HH
11140625,Dasan-dong,20262,3818254,13221,3509900000,5877,86,5,HH
11140635,Yaksu-dong,20262,1877058,16086,3107275000,13696,87,4,HH
11140645,Cheonggu-dong,20262,2929550,12955,1150178000,2178,34,4,HH
11140650,Sindang5(o)-dong,20262,3212226,10151,2952454000,622,65,3,HL
11140665,Donghwa-dong,20262,3577959,9941,1583611000,1303,47,3,LH
11140670,Hwanghak-dong,20262,5281977,12685,4444905000,796,76,5,HH
11140680,Jungnim-dong,20262,1868221,12142,2756239000,3863,77,5,HH
11170510,Huam-dong,20262,4039894,16020,2348859000,1885,80,2,LH
11170520,yongsan-dong  2(i)-ga-dong,20262,4756884,8866,1.38464E+11,479,63,1,LL
11170530,Namyeong-dong,20262,1968725,6819,59790933000,18490,147,3,LH
11170555,Cheongpa-dong,20262,7438377,18842,3373557000,3226,128,3,LH
11170560,Wonhyoro Je1(iI)-dong,20262,4791985,16956,2796902000,2961,94,5,HH
11170570,Wonhyoro Je2(i)-dong,20262,3520185,13626,1234158000,3004,69,5,HH
11170580,Hyochang-dong,20262,4056069,10665,1060781000,1419,66,3,LH
11170590,Yongmun-dong,20262,2176678,11380,1414683000,3079,54,5,HH
11170625,Hangangno -dong,20262,5785933,20977,36407912000,58448,242,5,HH
11170630,Ichon Je1(iI)-dong,20262,4448954,24933,2988747000,5907,102,5,HH
11170640,Ichon Je2(i)-dong,20262,1520979,7870,274906000,2035,26,5,HH
11170650,Itaewon-dong Je1(iI)-dong,20262,2374320,6015,9374522000,18302,71,3,LH
11170660,Itaewon-dong Je2(i)-dong,20262,3026588,8657,2063684000,875,60,1,LL
11170685,Hannam-dong,20262,4697083,17711,11670252000,45554,171,1,LL
11170690,Seobinggo-dong,20262,1793548,12443,1552251000,10106,61,4,HH
11170700,Bogwang-dong,20262,2292894,11134,1322444000,254,70,5,HH
11200520,Wangsimni2(i)-dong,20262,4558653,15974,2214329000,1287,63,2,LH
11200535,WangsimniDoseon-dong,20262,5377860,26181,8154992000,3005,189,1,LL
11200540,Majang-dong,20262,4980028,21556,4489438000,6924,111,5,HH
11200550,Sageun-dong,20262,4778443,11936,6189076000,438,128,1,LH
11200560,Haengdang1(il)-dong,20262,7971024,13629,7893103000,1709,130,2,LH
11200570,Haengdang2(il)-dong,20262,4271191,22851,1697857000,3,79,2,LH
11200580,Eungbong-dong,20262,2775920,14940,487097000,542,56,4,HL
11200590,Geumho1(il)-ga-dong,20262,3067299,14750,1368785000,1732,88,1,LH
11200615,Geumho2.3(i.sam)-ga-dong,20262,5173860,21946,2581218000,244,135,3,LH
11200620,Geumho4(sa)-ga-dong,20262,2634706,14142,3256616000,507,84,4,HH
11200645,Oksu-dong,20262,3077630,25399,3964234000,3197,129,1,LL
11200650,Seongsu1(il)-ga1(il)-dong,20262,3145616,15394,3416653000,3325,83,1,LL
11200660,Seongsu1(il)-ga2(i)-dong,20262,5895604,11932,30183454000,8657,79,1,LL
11200670,Seongsu2(i)-ga1(il)-dong,20262,4666144,14544,8157226000,7660,109,2,LL
11200690,Seongsu2(i)-ga3(sam)-dong,20262,6486449,10021,19004993000,31123,104,1,LH
11200720,Songjeong-dong,20262,3304143,9719,909299000,748,44,4,HH
11200790,Yongdap-dong,20262,2779527,11809,16222770000,2556,82,5,HH
11215710,Hwayang-dong,20262,9225881,24821,19682183000,872,167,1,LL
11215730,Gunja-dong,20262,6992795,19048,7097070000,1002,135,1,LL
11215740,Junggok1(il)-dong,20262,3394709,15218,5688966000,3866,74,2,LL
11215750,Junggok2(i)-dong,20262,4583387,20512,3964328000,2251,104,2,LL
11215760,Junggok3(sam)-dong,20262,4068252,15681,2519480000,515,97,3,HL
11215770,Junggok4(sa)-dong,20262,6475989,27499,3824233000,2743,105,3,LH
11215780,Neung-dong,20262,2111641,11053,6640135000,1414,47,1,LH
11215810,Gwangjang-dong,20262,6156121,33964,6155508000,8850,139,2,LH
11215820,Jayang1(il)-dong,20262,7466578,21795,6641873000,11952,106,4,HL
11215830,Jayang2(i)-dong,20262,5366778,23591,4003829000,2506,95,3,LL
11215840,Jayang3(sam)-dong,20262,6731525,27193,4962768000,1753,105,2,LH
11215847,Jayang4(sa)-dong,20262,8668763,19815,8463933000,513,106,2,LL
11215850,Guui1(il)-dong,20262,6824979,21448,4546264000,3506,77,3,LL
11215860,Guui2(i)-dong,20262,4981305,25468,4753475000,2960,112,1,LH
11215870,Guui3(sam)-dong,20262,6200095,27836,9201037000,11355,133,5,HH
11230536,Yongsin-dong,20262,14041894,38362,12988901000,18615,231,4,HH
11230545,Jegi-dong,20262,11942287,22962,12411597000,3687,288,5,HH
11230560,Jeonnong1(il)-dong,20262,11363099,32107,6855613000,308,152,2,LH
11230570,Jeonnong2(i)-dong,20262,2335584,17954,1671156000,713,102,4,HL
11230600,Dapsimni1(il)-dong,20262,6928610,27834,4436721000,1750,124,3,LH
11230610,Dapsimni2(i)-dong,20262,5977246,27467,5273986000,4714,108,5,HH
11230650,Jangan1(il)-dong,20262,8738562,37191,12294973000,10019,192,5,HL
11230660,Jangan2(i)-dong,20262,7799071,32376,12923455000,5320,168,3,LL
11230705,Cheongnyangni-dong,20262,6084784,18688,4942765000,2337,154,5,HH
11230710,Hoegi-dong,20262,4919824,10313,11705694000,51,84,1,LL
11230720,Hwigyeong1(il)-dong,20262,7111353,13580,3429889000,732,82,2,LH
11230730,Hwigyeong2(i)-dong,20262,4654530,24158,2223034000,1097,84,2,LL
11230740,Imun1(il)-dong,20262,14072454,17724,3781156000,1106,147,1,LH
11230750,Imun2(i)-dong,20262,3524153,19385,1374167000,256,71,4,HH
11260520,Myeonmok2(i)-dong,20262,5550325,23580,3236282000,737,112,4,HL
11260540,Myeonmok4(sa)-dong,20262,4589774,18121,1111973000,768,61,4,HL
11260550,Myeonmok5(o)-dong,20262,2333237,14564,2539282000,962,42,3,LL
11260565,Myeonmokbon-dong,20262,9896848,32648,5066147000,811,168,3,HL
11260570,Myeonmok7(chil)-dong,20262,5817919,21190,4459200000,509,108,4,HL
11260575,"Myeonmok3,8(sam)-dong",20262,6371961,24375,4728829000,1762,150,2,LL
11260580,Sangbong1(il)-dong,20262,5200059,23195,4379927000,1611,78,1,LL
11260590,Sangbong2(i)-dong,20262,6538624,20258,9674311000,4607,127,1,LL
11260600,Junghwa1(il)-dong,20262,4443158,18698,1726254000,1094,79,4,HH
11260610,Junghwa2(i)-dong,20262,7775465,23768,4034139000,361,123,4,HL
11260620,Muk1(il)-dong,20262,6852097,33661,5107776000,1165,144,2,LL
11260630,Muk2(i)-dong,20262,5121945,18004,3873967000,1255,92,3,LL
11260655,Mangubon-dong,20262,11219948,36438,6995970000,1426,238,2,LL
11260660,Mangu3(sam)-dong,20262,3686429,15615,1858876000,223,54,4,HL
11260680,Sinnae1(il)-dong,20262,4766762,37757,5660005000,2688,160,2,LL
11260690,Sinnae2(i)-dong,20262,1690046,19675,3002936000,1355,104,2,LL
11290525,Seongbuk-dong,20262,4130725,15875,3915818000,20512,166,3,HH
11290555,Samseon-dong,20262,10443657,22125,7557405000,4986,163,3,LH
11290575,Dongseon-dong,20262,7954577,14977,11565829000,2040,146,1,LL
11290580,Donam1(il)-dong,20262,2424840,14260,884615000,228,42,3,LH
11290590,Donam2(i)-dong,20262,2775976,23417,923842000,552,88,2,LL
11290600,Anam-dong,20262,8347383,14869,7539810000,1916,167,1,LL
11290610,Bomun-dong,20262,4982795,16145,3020469000,4757,77,3,HH
11290620,Jeongneung1(il)-dong,20262,4368751,17732,1724857000,489,63,4,HH
11290630,Jeongneung2(i)-dong,20262,5430229,22510,3758119000,1084,110,2,LH
11290640,Jeongneung3(sam)-dong,20262,2963604,14934,2507865000,281,124,3,LH
11290650,Jeongneung4(sa)-dong,20262,3136867,24009,3661874000,1020,133,3,LH
11290660,Gireum1(il)-dong,20262,6110627,34792,4528108000,3772,129,1,LH
11290685,Gireum2(il)-dong,20262,4850255,21666,6937206000,303,112,1,LL
11290705,Jongam-dong,20262,11326729,37648,7335332000,17974,189,4,HH
11290715,Wolgok1(il)-dong,20262,7847717,25580,2925297000,1348,108,3,HL
11290725,Wolgok2(i)-dong,20262,6104513,18900,6047466000,4503,135,2,LH
11290760,Jangwi1(il)-dong,20262,6360625,23354,1627754000,394,103,4,HL
11290770,Jangwi2(i)-dong,20262,6111245,13080,2174509000,608,89,5,HH
11290780,Jangwi3(sam)-dong,20262,3971021,15519,1584023000,275,82,2,LH
11290810,Seokgwan-dong,20262,10203720,33768,6245993000,1564,154,4,HH
11305534,Samyang-dong,20262,10358202,22402,3633685000,115,165,3,LH
11305535,Mia-dong,20262,7790463,20841,6021158000,602,144,2,LL
11305545,Songjung-dong,20262,10716203,28576,8673200000,998,212,2,LL
11305555,Songcheon-dong,20262,10996581,24748,4501183000,388,164,5,HL
11305575,Samgaksan-dong,20262,2986895,30604,2782642000,374,114,1,LL
11305595,Beon1(il)-dong,20262,6213067,17358,7354719000,1944,136,3,LL
11305603,Beon2(i)-dong,20262,2771489,14866,1153092000,364,110,5,HH
11305608,Beon3(sam)-dong,20262,3001449,16356,1911884000,262,95,4,HL
11305615,Suyu1(il)-dong,20262,5901672,19842,4814938000,944,153,5,HL
11305625,Suyu2(i)-dong,20262,5014053,20502,2602459000,1314,85,3,LL
11305635,Suyu3(sam)-dong,20262,9547270,22988,11301468000,2732,158,1,LL
11305645,Ui-dong,20262,3810191,19766,4197435000,1810,132,3,HL
11305660,Insu-dong,20262,7726316,29069,2815140000,2893,175,4,HL
11320511,Chang1(il)-dong,20262,3095564,23774,3802859000,785,94,2,LL
11320512,Chang2(i)-dong,20262,10217110,28172,3532933000,1070,95,3,LL
11320513,Chang3(sam)-dong,20262,3238587,13163,1433222000,491,66,5,HH
11320514,Chang4(sa)-dong,20262,3642376,26168,4006635000,1820,130,2,LH
11320515,Chang5(o)-dong,20262,3769103,23884,6567119000,4983,119,1,LL
11320521,Dobong1(il)-dong,20262,3615897,20030,4844932000,1435,122,5,HL
11320522,Dobong2(i)-dong,20262,3112748,25990,2826220000,1070,127,4,HL
11320660,Ssangmun1(il)-dong,20262,4727141,20484,1993404000,872,126,3,LH
11320670,Ssangmun2(i)-dong,20262,4282434,17905,4731495000,851,87,3,LL
11320680,Ssangmun3(sam)-dong,20262,5572734,16449,3408039000,1058,78,4,HH
11320681,Ssangmun4(sa)-dong,20262,2548294,18061,1875380000,265,64,3,LH
11320690,Banghak1(il)-dong,20262,6341855,27745,8051904000,3898,148,2,LL
11320700,Banghak2(i)-dong,20262,2566100,18535,2319731000,424,64,3,HL
11320710,Banghak3(sam)-dong,20262,2995458,26077,1906299000,1090,112,3,LH
11350560,Wolgye1(il)-dong,20262,4832947,20526,5356800000,1264,159,3,LH
11350570,Wolgye2(i)-dong,20262,3677404,25485,1957208000,29,136,2,LL
11350580,Wolgye3(sam)-dong,20262,2289899,28721,6022423000,100,135,3,HH
11350595,Gongneung1(il)-dong,20262,9644400,35959,13720832000,6065,211,2,LH
11350600,Gongneung2(i)-dong,20262,8291389,41435,9003081000,1031,271,1,LL
11350611,Hagye1(iL)-dong,20262,3425991,26128,7669380000,994,133,3,HH
11350612,Hagye2(i)-dong,20262,2709361,21306,653501000,,67,5,HH
11350619,Junggyebon-dong,20262,3968029,23040,6378311000,821,95,1,LL
11350621,Junggye1(il)-dong,20262,3731643,26318,4557233000,1184,85,2,LL
11350624,Junggye4(sa)-dong,20262,2888074,19114,6810852000,1196,81,1,LL
11350625,Junggye2.3(i.sam)-dong,20262,4185137,32502,8551131000,1194,142,3,LH
11350630,Sanggye1(il)-dong,20262,6339033,36834,9203723000,3606,190,3,LL
11350640,Sanggye2(i)-dong,20262,9853862,19105,21489902000,1731,182,2,LL
11350665,Sanggye3.4(sam.sa)-dong,20262,7729687,27489,1488691000,500,107,4,HL
11350670,Sanggye5(o)-dong,20262,6234570,22979,2832742000,1381,105,3,LL
11350695,Sanggye6.7(yuk.chil)-dong,20262,6176348,31400,15870081000,4965,253,2,LL
11350700,Sanggye8(pal)-dong,20262,1052204,21848,2008517000,561,92,4,HH
11350710,Sanggye9(gu)-dong,20262,1371573,19664,1904661000,1074,78,4,HH
11350720,Sanggye10(sip)-dong,20262,1935995,18184,1006988000,413,64,2,LL
11380510,Nokbeon-dong,20262,6190554,36092,5168804000,4336,148,2,LL
11380520,Bulgwang1(il)-dong,20262,4842073,37509,6845295000,1769,198,3,LH
11380530,Bulgwang2(i)-dong,20262,5020776,26600,5199140000,2497,113,5,HH
11380551,Galhyeon1(il)-dong,20262,5386973,14470,5735294000,2238,133,2,LL
11380552,Galhyeon2(i)-dong,20262,5600628,27415,6505391000,3191,121,2,LL
11380560,Gusan-dong,20262,5307478,31429,2637980000,1973,127,3,HL
11380570,Daejo-dong,20262,12258918,27359,8592170000,1871,205,3,LL
11380580,Eungam1(il)-dong,20262,5245165,32659,6675767000,2298,133,3,LL
11380590,Eungam2(i)-dong,20262,4170983,27329,1624680000,481,91,1,LL
11380600,Eungam3(sam)-dong,20262,7220312,23429,8712934000,1446,138,3,HL
11380625,Yeokchon-dong,20262,11260330,43767,7462552000,3452,176,2,LL
11380631,Sinsa1(il)-dong,20262,5603768,26462,4371326000,1400,94,3,HL
11380632,Sinsa2(i)-dong,20262,2744716,18907,1459211000,863,82,2,LL
11380640,Jeungsan-dong,20262,2913439,18240,2273569000,1939,83,5,HH
11380650,Susaek-dong,20262,2482902,20440,1078875000,176,60,3,HH
11380690,Jingwan-dong,20262,6770471,54368,19490082000,1216,242,1,LL
11410520,Cheonyeon-dong,20262,3337148,16547,2718188000,1130,127,4,HH
11410555,Bugahyeon-dong,20262,27308067,15401,2312076000,918,76,5,HH
11410565,Chunghyeon-dong,20262,11201148,19682,4166001000,11142,184,5,HH
11410585,Sinchon-dong,20262,11307575,20135,44227046000,1629,368,1,LL
11410615,Yeonhui-dong,20262,8578072,33724,50404205000,9207,201,3,LH
11410620,Hongje1(il)-dong,20262,5365404,24704,3418212000,1814,135,3,HH
11410640,Hongje3(sam)-dong,20262,3634229,17665,4743582000,821,129,4,HH
11410655,Hongje2(i)-dong,20262,2420652,13186,1428462000,334,56,3,LH
11410660,Hongeun1(il)-dong,20262,4145614,22158,1408543000,3106,86,5,HH
11410685,Hongeun2(i)-dong,20262,4766439,28505,3928926000,1790,161,3,LH
11410690,Namgajwa1(il)-dong,20262,1427667,16699,3246991000,1312,94,1,LH
11410700,Namgajwa2(i)-dong,20262,6270058,29083,5851800000,1052,117,2,LL
11410710,Bukgajwa1(il)-dong,20262,2907485,17563,2028620000,537,60,2,LL
11410720,Bukgajwa2(i)-dong,20262,9562433,30673,3892698000,1071,115,3,HL
11440555,Ahyeon-dong,20262,7721984,28335,9110229000,5852,145,1,LH
11440565,gongdeok-dong,20262,11942527,36426,5582540000,9286,172,5,HH
11440585,Dohwa-dong,20262,3821090,20443,8761028000,13155,144,3,HH
11440590,Yonggang-dong,20262,5519888,21098,7615477000,15056,90,4,HL
11440600,Daeheung-dong,20262,7877256,14719,6274155000,3405,209,1,LL
11440610,Yeomni-dong,20262,5815079,16719,94265324000,2245,52,1,LL
11440630,Sinsu-dong,20262,4809104,22046,3108101000,3516,76,2,LL
11440655,Seogang-dong,20262,6024315,24556,5891238000,3223,156,1,LL
11440660,Seogyo-dong,20262,17256069,24037,57834416000,25701,358,1,LL
11440680,Hapjeong-dong,20262,4447950,16310,10270020000,4480,109,1,LL
11440690,Mangwon1(il)-dong,20262,6672015,19151,8435556000,3418,95,1,LL
11440700,Mangwon2(i)-dong,20262,5594024,17917,4034113000,3947,83,2,LL
11440710,Yeonnam-dong,20262,6518927,14202,7844874000,3795,52,1,LL
11440720,Seongsan1(il)-dong,20262,5869504,18543,3607958000,5565,86,1,LL
11440730,Seongsan2(i)-dong,20262,6292712,38537,6799514000,1511,158,3,HH
11440740,Sangam-dong,20262,5388309,29662,13967712000,16189,247,1,LL
11470510,Mok1(il)-dong,20262,4569171,30276,27057032000,16732,190,2,LL
11470520,Mok2(i)-dong,20262,5796437,28816,4513213000,3311,97,3,LL
11470530,Mok3(sam)-dong,20262,4855001,21206,6651456000,1687,96,3,LL
11470540,Mok4(sa)-dong,20262,5592633,24428,5399998000,2148,84,3,HL
11470550,Mok5(o)-dong,20262,4675351,40702,13497147000,15114,143,2,LH
11470560,Sinwol1(il)-dong,20262,3808941,19365,3852228000,2220,71,4,HL
11470570,Sinwol2(i)-dong,20262,3477849,20779,2877197000,1994,65,4,HH
11470580,Sinwol3(sam)-dong,20262,2523095,14261,2343581000,1178,70,5,HL
11470590,Sinwol4(sa)-dong,20262,3124985,17445,3361488000,1153,63,4,HL
11470600,Sinwol5(o)-dong,20262,2825591,13979,2831073000,1313,54,3,LL
11470610,Sinwol6(yuk)-dong,20262,808677,13867,2529228000,597,47,1,LL
11470611,Sinwol7(chil)-dong,20262,2038029,18588,2221956000,2610,74,5,HL
11470620,Sinjeong1(il)-dong,20262,3148322,19716,4551172000,12831,94,4,HL
11470630,Sinjeong2(i)-dong,20262,4248168,18773,4401673000,14182,71,2,LL
11470640,Sinjeong3(sam)-dong,20262,6836325,49523,5726634000,2055,203,2,LL
11470650,Sinjeong4(sa)-dong,20262,10250804,31687,10602800000,6204,161,3,LL
11470670,Sinjeong6(yuk)-dong,20262,1952112,23959,3025451000,,72,1,LL
11470680,Sinjeong7(chil)-dong,20262,2883513,28275,4816803000,349,107,3,LL
11500510,Yeomchang-dong,20262,8218183,41250,6144438000,2625,147,2,LH
11500520,Deungchon1(il)-dong,20262,4740070,24933,5532286000,6016,95,1,LL
11500530,Deungchon2(i)-dong,20262,3930376,19312,2696903000,2781,58,3,LL
11500535,Deungchon3(sam)-dong,20262,5800148,29390,8275413000,12234,184,1,LL
11500540,Hwagok1(il)-dong,20262,17683451,50743,12013849000,3939,226,2,LL
11500550,Hwagok2(i)-dong,20262,3626376,17041,3097314000,1788,65,3,LL
11500560,Hwagok3(sam)-dong,20262,3197711,21093,4552841000,2985,87,1,LL
11500570,Hwagok4(sa)-dong,20262,3777800,19720,4402051000,2098,101,3,LL
11500590,Hwagokbon-dong,20262,7979983,32956,6046644000,2037,145,2,LL
11500591,Hwagok6(yuk)-dong,20262,5601738,24357,7665644000,6872,118,1,LL
11500593,Hwagok8(pal)-dong,20262,13674350,23468,4750084000,1853,95,2,LL
11500603,Gayang1(il)-dong,20262,3024152,33880,40056100000,5314,279,1,LL
11500604,Gayang2(i)-dong,20262,1910981,13460,1704859000,,75,3,HH
11500605,Gayang3(sam)-dong,20262,1490271,14189,456038000,265,52,4,HH
11500611,Balsan1(il)-dong,20262,5563391,35643,26088894000,6493,246,1,LL
11500615,Ujangsan-dong,20262,7016463,43709,6896779000,3048,158,1,LL
11500620,Gonghang-dong,20262,5553111,29436,8044945000,5425,176,2,LL
11500630,Banghwa1(il)-dong,20262,6644131,41828,6999875000,4242,200,1,LL
11500640,Banghwa2(i)-dong,20262,3601594,22596,9080996000,1301,124,3,LH
11500641,Banghwa3(sam)-dong,20262,2635676,21991,1783338000,2019,83,4,HH
11530510,Sindorim-dong,20262,6342426,35977,8399124000,9248,168,2,LH
11530520,Guro1(il)-dong,20262,1950926,20519,2045890000,,88,4,HH
11530530,Guro2(il)-dong,20262,8675193,22380,15990368000,10594,197,5,HH
11530540,Guro3(sam)-dong,20262,7591512,23287,2.18084E+12,62687,187,2,LL
11530550,Guro4(i)-dong,20262,6523189,18646,5445722000,1298,139,4,HL
11530560,Guro5(o)-dong,20262,6704109,28952,15892578000,12925,167,3,LL
11530595,Garibong-dong,20262,3453910,8713,1245954000,577,74,5,HL
11530720,Gocheok1(il)-dong,20262,4576478,26314,7001437000,2091,135,3,HH
11530730,Gocheok2(i)-dong,20262,4947702,25749,3342714000,1601,128,4,HL
11530740,Gaebong1(il)-dong,20262,7323233,33122,4744923000,5014,163,4,HH
11530750,Gaebong2(i)-dong,20262,3662228,29724,3635184000,7366,116,4,HH
11530760,Gaebong3(sam)-dong,20262,4274000,19544,2895970000,2665,81,4,HL
11530770,Oryu1(i)-dong,20262,4165062,22559,3922465000,3372,122,4,HL
11530780,Oryu2(il)-dong,20262,4888791,37281,4055459000,1024,209,2,LL
11530790,Sugung-dong,20262,1647769,22707,2510395000,1732,154,5,HH
11530800,Hang-dong,20262,1157236,16335,1310223000,,64,1,LL
11545510,Gasan-dong,20262,4643637,24622,37123658000,106107,304,1,LL
11545610,Doksan1(il)-dong,20262,5147489,45720,9800424000,10617,217,5,HH
11545620,Doksan2(i)-dong,20262,2932838,17737,2856776000,1291,73,4,HL
11545630,Doksan3(sam)-dong,20262,4087605,23433,5402361000,2738,119,5,HL
11545640,Doksan4(sa)-dong,20262,3813978,14511,1871389000,1147,64,3,HL
11545670,Siheung1(il)-dong,20262,5253141,32115,8729357000,4641,223,4,HL
11545680,Siheung2(i)-dong,20262,1299208,20564,891585000,1037,76,1,LH
11545690,Siheung3(sam)-dong,20262,1317090,10153,1607599000,1939,66,5,HH
11545700,Siheung4(sa)-dong,20262,2096275,19366,1370305000,1105,72,5,HL
11545710,Siheung5(o)-dong,20262,3418037,18167,1915188000,961,106,5,HH
11560515,Yeongdeungpobon-dong,20262,6452455,20784,4065960000,3360,94,5,HH
11560535,Yeongdeungpo-dong,20262,11475573,29839,30032407000,14034,325,5,HH
11560540,Yeoui-dong,20262,6513341,33346,2.85318E+11,250897,399,3,HH
11560550,Dangsan 1(il)-dong,20262,6935686,20951,6726707000,8973,131,3,LL
11560560,Dangsan  2(i)-dong,20262,9458358,36667,10175112000,15502,192,2,LL
11560585,Dorim-dong,20262,5275887,17562,2644567000,517,66,4,HH
11560605,Mullae-dong,20262,9028535,32022,1.73889E+12,65200,185,2,LH
11560610,Yangpyeong 1(il)-dong,20262,6043250,18114,4178727000,9722,87,2,LL
11560620,Yangpyeong 2(i)-dong,20262,4569262,22288,6165575000,14874,131,4,HH
11560630,Singil 1(il)-dong,20262,5528200,19314,4267080000,1933,85,5,HH
11560650,Singil 3(sam)-dong,20262,6141722,15950,3328331000,382,102,4,HH
11560660,Singil 4(sa)-dong,20262,2639491,10315,1041124000,703,43,4,HL
11560670,Singil 5(o)-dong,20262,2993132,9947,1996933000,626,66,2,LH
11560680,Singil6(yuk)-dong,20262,5562772,19493,4822973000,2010,123,3,HH
11560690,Singil7(chil)-dong,20262,4305287,19779,2461191000,2276,78,2,LL
11560700,Daerim 1(il)-dong,20262,4123624,13711,5222425000,1366,81,5,HL
11560710,Daerim 2(i)-dong,20262,4662190,11730,4538201000,3597,86,1,LL
11560720,Daerim 3(sam)-dong,20262,6845031,21488,6719595000,4260,126,4,HL
11590510,Noryangjinje 1(il)-dong,20262,6443479,32005,6960930000,2833,180,5,HH
11590520,Noryangjinje 2(i)-dong,20262,2667156,10181,6059622000,4249,72,5,HH
11590530,Sangdoje 1(il)-dong,20262,7921499,44464,8506938000,3543,201,2,LH
11590540,Sangdoje 2(i)-dong,20262,4677044,27084,4880959000,1012,154,3,HH
11590550,Sangdoje 3(sam)-dong,20262,4582662,23844,4780183000,994,113,4,HH
11590560,Sangdoje 4(sa)-dong,20262,5185786,27609,2318147000,940,112,4,HH
11590605,Heukseokdong,20262,5607177,29907,11702650000,91,195,3,LH
11590620,Sadangje 1(il)-dong,20262,5866541,22415,9898982000,3853,126,1,LL
11590630,Sadangje 2(i)-dong,20262,7026919,27151,8821074000,1640,179,2,LL
11590640,Sadangje 3(sam)-dong,20262,4903068,23686,2792331000,1114,88,4,HL
11590650,Sadangje 4(sa)-dong,20262,3896559,13771,2502061000,892,62,4,HL
11590651,Sadangje 5(o)-dong,20262,2962112,14118,994822000,1558,61,3,HL
11590660,Daebangdong,20262,8258344,35620,6708577000,7619,199,4,HH
11590670,SiinDaebangje 1(il)-dong,20262,3695441,23282,3648419000,3411,83,4,HL
11590680,SiinDaebangje 2(i)-dong,20262,4750932,22684,96733720000,11362,109,2,LL
11620525,Boramae-dong,20262,4011614,23092,13113824000,1644,83,2,LL
11620545,Cheongnim-dong,20262,3108626,14726,1277845000,512,50,2,LL
11620565,Seonghyeon-dong,20262,4268342,28222,1521336000,1347,104,2,LL
11620575,Haengun-dong,20262,7074032,28758,6263553000,2409,111,2,LL
11620585,Nagseongdae-dong,20262,6507988,17211,9038861000,5994,148,1,LL
11620595,Cheongnyong-dong,20262,10685991,35627,9071147000,5147,147,2,LL
11620605,Euncheon-dong,20262,8290128,32359,6742688000,1371,123,1,LL
11620615,Jungang-dong,20262,5003432,15126,5482179000,1301,83,2,LL
11620625,Inheon-dong,20262,5643826,25385,4185626000,1623,105,3,LH
11620630,Namhyeon-dong,20262,4164372,17668,5170879000,3701,70,2,LH
11620645,Sewon-dong,20262,4919766,22908,13270823000,2303,94,1,LH
11620655,Sinwon-dong,20262,5702837,17484,2089894000,398,54,3,HL
11620665,Serim-dong,20262,5045503,23319,2557453000,1424,74,3,LL
11620685,Sinsa-dong,20262,7148532,21969,3717268000,3137,79,2,LL
11620695,Sillim-dong,20262,10202332,22622,9145084000,1310,168,1,LL
11620715,Nanhyang-dong,20262,1152192,14726,699242000,344,68,1,LL
11620725,Jowon-dong,20262,9499783,19598,6883550000,2688,96,3,HL
11620735,Daehak-dong,20262,6732121,24237,7253946000,590,283,2,LL
11620745,Samseong-dong,20262,6747647,19970,1870002000,880,94,5,HH
11620765,Miseong-dong,20262,5359400,29526,3967320000,2895,126,4,HL
11620775,Nangok-dong,20262,5551468,25257,2789811000,981,95,4,HH
11650510,Seocho1(il)-dong,20262,7290147,20154,10107802000,47656,194,5,HH
11650520,Seocho2(i)-dong,20262,7285301,24636,1.70486E+11,66239,217,2,LL
11650530,Seocho3(sam)-dong,20262,12450230,31862,2.16957E+11,51852,332,4,HH
11650531,Seocho4(sa)-dong,20262,6463428,30281,31742990000,40288,257,4,HH
11650540,Jamwon-dong,20262,7288997,26800,8703037000,14890,135,2,LL
11650550,Banpobon-dong,20262,517492,117,484050000,5670,33,5,HH
11650560,Banpo1(il)-dong,20262,6846657,33740,8752068000,8508,140,2,LL
11650570,Banpo2(i)-dong,20262,1827619,23322,1940740000,4018,74,1,LH
11650580,Banpo3(sam)-dong,20262,3244366,23761,5742021000,3009,109,5,HH
11650581,Banpo4(sa)-dong,20262,5052503,18474,30531896000,49942,130,5,HH
11650590,Bangbaebon-dong,20262,4661886,20401,20719223000,20669,103,5,HL
11650600,Bangbae1(il)-dong,20262,4389050,16479,6777237000,17162,102,3,LH
11650610,Bangbae2(i)-dong,20262,4501557,18010,83416501000,15603,114,2,LH
11650620,Bangbae3(sam)-dong,20262,3678145,15757,4395387000,13530,112,5,HH
11650621,Bangbae4(sa)-dong,20262,7019601,22754,6957430000,16097,156,4,HH
11650651,Yangjae1(il)-dong,20262,9027192,41970,11027257000,24087,263,3,HH
11650652,Yangjae2(i)-dong,20262,5778838,21157,10906791000,33724,147,5,HL
11650660,Naegok-dong,20262,1610376,17000,3141833000,1371,161,5,HH
11680510,Sinsa-dong,20262,6436598,15436,34832077000,27674,260,1,LL
11680521,Nonhyeon1(il)-dong,20262,9210371,20996,37251556000,45242,300,2,LL
11680531,Nonhyeon2(i)-dong,20262,11867902,20369,24382831000,57007,240,2,LL
11680545,Apgujeong-dong,20262,7521936,26119,37545248000,50479,313,2,LL
11680565,Cheongdam-dong,20262,9398046,24535,28851283000,58171,288,2,LL
11680580,Samseong1(il)-dong,20262,5064076,12134,33108128000,189339,199,3,LH
11680590,Samseong2(i)-dong,20262,8862571,30579,15542235000,70662,177,2,LL
11680600,Daechi1(il)-dong,20262,4721228,23878,8569943000,18463,130,4,HH
11680610,Daechi2(i)-dong,20262,6294432,38212,29358477000,102922,210,4,HH
11680630,Daechi4(sa)-dong,20262,10236742,18614,1.93462E+11,43704,159,1,LL
11680640,Yeoksam1(il)-dong,20262,19686037,34082,1.34927E+12,202016,542,2,LL
11680650,Yeoksam2(i)-dong,20262,12177515,36348,3.57258E+11,55876,195,2,LL
11680655,Dogok1(il)-dong,20262,9218991,20005,24220433000,32403,142,3,HH
11680656,Dogok2(i)-dong,20262,3596834,32648,83263976000,84833,118,4,HH
11680660,Gaepo1(il)-dong,20262,2249031,6765,361556000,3433,38,3,LH
11680670,Gaepo2(i)-dong,20262,1901544,41708,2308439000,8854,135,1,LH
11680690,Gaepo4(sa)-dong,20262,3399016,23151,3553849000,7242,115,5,HL
11680700,Segok-dong,20262,3834737,45513,5471470000,379,191,1,LL
11680720,Irwonbon-dong,20262,2456725,22796,4895961000,,103,4,HH
11680730,Irwon1(il)-dong,20262,2349016,14550,2508403000,1822,74,5,HH
11680740,,20262,1252663,16833,1146908000,,66,5,HH
11680750,Suseo-dong,20262,2285201,14026,1.59115E+11,19403,89,5,HH
11710510,Pungnap1(il)-dong,20262,3892535,11750,1593396000,651,48,5,HH
11710520,Pungnap2(i)-dong,20262,5341131,23552,5517489000,475,125,5,HH
11710531,Geoyeo1(il)-dong,20262,3689898,12011,1894081000,2887,48,4,HL
11710532,Geoyeo2(i)-dong,20262,3531432,23596,3129812000,1556,78,2,LL
11710540,Macheon1(il)-dong,20262,2647544,17982,1301275000,586,73,5,HL
11710550,Macheon2(i)-dong,20262,4378260,17575,3753303000,1312,93,5,HH
11710561,Bangi1(il)-dong,20262,3466017,15091,5859244000,5978,73,1,LL
11710562,Bangi2(i)-dong,20262,6954303,26094,2.58352E+11,40697,164,1,LL
11710566,Oryun-dong,20262,829075,17799,2699247000,15658,74,5,HH
11710570,Ogeum-dong,20262,9223862,37341,6788732000,21434,134,4,HH
11710580,Songpa1(il)-dong,20262,5659615,23353,9650485000,10911,102,1,LL
11710590,Songpa2(i)-dong,20262,3286908,18476,3078229000,4268,79,3,LL
11710600,Seokchon-dong,20262,6574667,30682,11355617000,9531,159,2,LL
11710610,Samjeon-dong,20262,6179292,29062,7693244000,4352,118,1,LL
11710620,Garakbon-dong,20262,8766041,25171,9814824000,27617,144,4,HL
11710631,Garak1(il)-dong,20262,723484,27469,5767992000,6121,82,5,HH
11710632,Garak2(i)-dong,20262,5399273,31181,6161576000,6932,143,4,HL
11710641,Munjeong1(il)-dong,20262,4240461,19502,3245396000,23872,70,3,LL
11710642,Munjeong2(i)-dong,20262,2984735,28782,22384866000,78185,149,1,LL
11710646,Jangji-dong,20262,7311075,28473,3830243000,3961,136,2,LL
11710647,Wirye_dong,20262,3618301,44857,4656408000,,84,1,LL
11710650,Jamsilbon-dong,20262,7754302,27731,18600482000,12201,192,1,LL
11710670,Jamsil2(i)-dong,20262,2325395,34909,4076074000,4063,91,1,LL
11710680,Jamsil3(sam)-dong,20262,3399938,33805,8421013000,38665,103,4,HH
11710690,Jamsil4(sa)-dong,20262,2971368,21192,1748767000,4438,74,1,LH
11710710,Jamsil6(yuk)-dong,20262,2298800,16514,39741132000,83532,144,2,LH
11710720,Jamsil7(chil)-dong,20262,718995,9419,468190000,,30,5,HH
11740515,Gangil-dong,20262,3412583,44257,3220411000,143,187,1,LL
11740520,Sangil-dong,20262,3424067,39307,3840600000,1291,105,1,LL
11740530,Myeongil1(il)-dong,20262,4427748,25279,7050388000,3986,151,2,LL
11740540,Myeongil2(i)-dong,20262,2040737,17034,6973360000,2834,107,2,LH
11740550,Godeok1(il)-dong,20262,3624080,23932,1788012000,845,92,1,LL
11740560,Godeok2(i)-dong,20262,2132802,22684,2909184000,1176,78,1,LL
11740570,Amsa1(il)-dong,20262,8539292,33825,6610037000,3050,90,3,LL
11740580,Amsa2(i)-dong,20262,2193301,14825,2655390000,1552,61,4,HL
11740590,Amsa3(sam)-dong,20262,1627839,17136,1763531000,,50,1,LH
11740600,Cheonho1(il)-dong,20262,9768436,25942,3289226000,1673,92,3,HL
11740610,Cheonho2(i)-dong,20262,11075645,32694,15336335000,2893,203,5,HL
11740620,Cheonho3(sam)-dong,20262,7595007,25969,6566859000,1173,115,2,LL
11740640,Seongnae1(il)-dong,20262,5431240,19392,6370777000,13187,98,3,HL
11740650,Seongnae2(i)-dong,20262,8045630,23452,6924780000,1852,113,2,LL
11740660,Seongnae3(sam)-dong,20262,6690790,22433,8335333000,3676,136,3,HL
11740685,Gil-dong,20262,17550168,44395,12306513000,9734,242,3,LL
11740690,Dunchon1(il)-dong,20262,28921,16,26611000,,14,1,LH
11740700,Dunchon2(i)-dong,20262,6416905,24228,4163793000,2489,129,4,HL
