,Price,Area,Floor,YearBuilt,NumPOI,NumStations,NumSchools
0,26000,38.16,2.0,1993.0,19,1,2
1,390000,208.25,,1990.0,778,2,7
2,27500,33.45,9.0,1998.0,1057,1,3
3,240000,84.99,24.0,2016.0,126,1,3
4,223000,122.01,4.0,1998.0,522,5,5
5,171000,59.97,4.0,2005.0,53,0,0
6,101300,66.86,4.0,2002.0,19,1,2
7,232000,59.91,17.0,2016.0,92,2,4
8,16500,28.08,3.0,2003.0,1057,1,3
9,141000,80.89,3.0,2007.0,37,1,2
10,130000,67.24,4.0,2007.0,37,1,2
11,193000,84.06,22.0,2014.0,522,5,5
12,370700,127.98,,1971.0,37,1,2
13,125000,54.98,3.0,2016.0,37,1,2
14,91000,56.54,3.0,2004.0,37,1,2
15,141000,54.58,2.0,1987.0,37,1,2
16,207500,59.949,13.0,2019.0,37,1,2
17,11400,20.21,3.0,2016.0,173,3,1
18,32000,42.595,4.0,2002.0,37,1,2
19,279050,84.99,3.0,0.0,778,2,7
20,104000,59.21,11.0,2000.0,75,0,1
21,28700,27.14,14.0,2017.0,126,1,3
22,198000,163.08,,1987.0,53,0,0
23,15800,25.74,11.0,2003.0,14,0,0
24,60000,63.74,2.0,2004.0,778,2,7
25,125000,59.79,2.0,2001.0,126,1,3
26,138000,59.91,19.0,1998.0,155,1,4
27,19300,27.54,12.0,2005.0,126,1,3
28,152800,31.47,,1963.0,37,1,2
29,194500,59.93,17.0,2016.0,126,1,3
30,36000,36.48,2.0,2012.0,778,2,7
31,10000,21.9,9.0,2016.0,173,3,1
32,298000,59.67,6.0,2000.0,1057,1,3
33,102000,84.8,13.0,2000.0,36,1,4
34,73000,27.01,-1.0,2003.0,37,1,2
35,170000,59.966,5.0,2012.0,53,0,0
36,45000,39.15,5.0,2004.0,778,2,7
37,171000,84.94,4.0,1996.0,126,1,3
38,222000,84.92,17.0,2014.0,14,0,0
39,222000,84.92,17.0,2014.0,14,0,0
40,30000,40.24,4.0,2012.0,19,1,2
41,22500,30.57,4.0,1992.0,37,1,2
42,23000,28.0,7.0,2004.0,92,2,4
43,190000,75.51,15.0,1986.0,19,1,2
44,118000,84.038,12.0,2005.0,155,1,4
45,156000,60.95,2.0,1997.0,53,0,0
46,61000,22.21,3.0,2022.0,173,3,1
47,95000,54.28,4.0,1992.0,778,2,7
48,48000,49.82,2.0,1994.0,19,1,2
49,90000,99.69,,1973.0,75,0,1
50,228000,84.96,25.0,2015.0,126,1,3
51,10500,26.95,7.0,1991.0,173,3,1
52,64000,51.51,3.0,2014.0,47,0,0
53,310000,658.48,,1996.0,126,1,3
54,185000,84.99,15.0,1994.0,53,0,0
55,156800,65.15,5.0,2002.0,53,0,0
56,43000,29.0,8.0,2018.0,522,5,5
57,23000,24.83,4.0,2019.0,36,1,4
58,70000,59.18,11.0,2018.0,778,2,7
59,208000,59.95,8.0,2016.0,126,1,3
60,199500,59.7,14.0,1999.0,92,2,4
61,19000,13.72,6.0,2020.0,126,1,3
62,167000,59.96,25.0,2000.0,522,5,5
63,920000,217.86,34.0,2011.0,778,2,7
64,168000,84.94,19.0,1996.0,126,1,3
65,219000,84.98,12.0,2003.0,1057,1,3
66,191500,114.97,16.0,2003.0,522,5,5
67,167000,171.36,,1989.0,75,0,1
68,32000,28.87,4.0,2018.0,778,2,7
69,181500,84.96,15.0,2016.0,126,1,3
70,265000,53.47,,1969.0,1057,1,3
71,234000,114.88,15.0,2001.0,19,1,2
72,48000,47.66,4.0,1995.0,19,1,2
73,20750,29.0,3.0,2005.0,778,2,7
74,16800,28.08,8.0,2003.0,1057,1,3
75,42000,59.96,-1.0,2001.0,37,1,2
76,156000,114.46,2.0,1996.0,126,1,3
77,269000,84.81,19.0,2012.0,92,2,4
78,246000,84.87,12.0,2007.0,37,1,2
79,208000,59.94,7.0,2016.0,126,1,3
80,168000,59.68,3.0,2011.0,522,5,5
81,180000,63.18,5.0,1986.0,19,1,2
82,147000,59.97,10.0,1995.0,522,5,5
83,162000,59.96,8.0,2000.0,522,5,5
84,20000,27.01,5.0,2004.0,92,2,4
85,128000,33.66,-1.0,1992.0,53,0,0
86,12700,21.9,5.0,2016.0,173,3,1
87,229000,84.96,20.0,2015.0,126,1,3
88,174500,84.53,3.0,1989.0,19,1,2
89,186500,59.99,12.0,2012.0,36,0,1
90,149000,114.93,4.0,2001.0,126,1,3
91,129000,60.0,10.0,1999.0,155,1,4
92,150000,59.96,3.0,2000.0,522,5,5
93,16000,47.683,17.0,1998.0,77,0,0
94,168000,84.91,5.0,1999.0,778,2,7
95,171000,59.94,11.0,2003.0,522,5,5
96,207000,114.97,17.0,2003.0,522,5,5
97,130000,84.945,14.0,2000.0,75,0,1
98,165000,84.87,8.0,2000.0,522,5,5
99,106000,84.98,12.0,2005.0,47,0,0
100,16000,28.08,2.0,2003.0,1057,1,3
101,150000,114.93,8.0,2001.0,126,1,3
102,135000,84.981,3.0,2009.0,126,1,3
103,195000,84.95,23.0,2003.0,522,5,5
104,243000,84.77,26.0,2016.0,126,1,3
105,133000,83.35,2.0,2014.0,1057,1,3
106,155000,119.45,,1998.0,53,0,0
107,149700,59.97,10.0,1995.0,522,5,5
108,220000,194.92,,1971.0,75,0,1
109,185000,300.32,,1988.0,75,0,1
110,202852,59.95,19.0,0.0,778,2,7
111,35500,34.71,5.0,2017.0,155,1,4
112,245000,84.99,2.0,2016.0,126,1,3
113,171000,114.666,15.0,1999.0,92,2,4
114,1440000,424.62,,1975.0,1057,1,3
115,156000,84.92,6.0,1997.0,92,2,4
116,249000,84.96,9.0,2016.0,126,1,3
117,12000,19.88,15.0,2016.0,173,3,1
118,12000,20.21,15.0,2016.0,173,3,1
119,31000,27.5,5.0,2018.0,155,1,4
120,31700,21.81,5.0,2004.0,36,1,4
121,200000,84.74,11.0,2011.0,522,5,5
122,191000,59.99,2.0,2007.0,37,1,2
123,800000,580.32,,1995.0,1057,1,3
124,155000,51.94,13.0,2017.0,126,1,3
125,180010,59.9,4.0,2001.0,778,2,7
126,120000,84.417,13.0,2004.0,126,1,3
127,83000,59.49,10.0,1999.0,1057,1,3
128,43500,47.84,3.0,1991.0,36,1,4
129,108000,84.8,19.0,2000.0,36,1,4
130,148000,71.33,10.0,1996.0,126,1,3
131,21200,27.01,12.0,2004.0,92,2,4
132,55000,59.74,2.0,2002.0,19,1,2
133,216000,59.94,16.0,2016.0,126,1,3
134,175000,75.8,4.0,2002.0,53,0,0
135,23500,68.43,2.0,1995.0,522,5,5
136,147700,84.91,5.0,1998.0,155,1,4
137,148000,71.33,4.0,1996.0,126,1,3
138,122000,84.945,24.0,2000.0,75,0,1
139,163000,59.96,25.0,2000.0,522,5,5
140,94500,71.85,6.0,1989.0,36,1,4
141,115000,123.28,,1988.0,126,1,3
142,39800,28.39,6.0,2019.0,77,0,0
143,22000,18.63,12.0,2020.0,77,0,0
144,167000,59.99,20.0,2017.0,126,1,3
145,25200,38.65,-1.0,1991.0,36,1,4
146,175000,59.97,4.0,2005.0,53,0,0
147,181000,114.32,8.0,1997.0,92,2,4
148,65000,63.74,3.0,2004.0,778,2,7
149,95000,51.64,1.0,1992.0,778,2,7
150,160000,59.96,8.0,2000.0,522,5,5
151,58000,37.44,,1985.0,53,0,0
152,146500,59.94,5.0,1995.0,522,5,5
153,162000,59.97,1.0,2001.0,37,1,2
154,190500,84.71,4.0,2001.0,37,1,2
155,125000,23.78,1.0,2017.0,53,0,0
156,186000,59.97,21.0,2001.0,37,1,2
157,56000,49.67,2.0,2008.0,778,2,7
158,36000,39.15,4.0,2004.0,778,2,7
159,36000,39.15,4.0,2004.0,778,2,7
160,303000,56.1,3.0,2006.0,778,2,7
161,148500,59.507,3.0,2023.0,37,1,2
162,198000,59.93,16.0,2016.0,126,1,3
163,157000,59.95,1.0,2001.0,37,1,2
164,480000,177.12,9.0,1982.0,92,2,4
165,143000,110.08,9.0,2000.0,75,0,1
166,37000,23.9,,1985.0,155,1,4
167,195000,84.96,10.0,2001.0,37,1,2
168,20000,20.91,5.0,2012.0,778,2,7
169,31500,30.93,7.0,2015.0,155,1,4
170,39000,51.65,2.0,1996.0,92,2,4
171,165000,114.46,9.0,1996.0,126,1,3
172,101500,59.21,9.0,2000.0,75,0,1
173,193000,84.95,9.0,2003.0,522,5,5
174,230000,84.92,10.0,2014.0,14,0,0
175,146000,58.32,4.0,1999.0,778,2,7
176,143500,59.76,4.0,1996.0,155,1,4
177,25000,22.1,5.0,2012.0,778,2,7
178,98500,51.93,3.0,1992.0,778,2,7
179,64000,29.51,5.0,2023.0,173,3,1
180,65000,49.45,1.0,1975.0,37,1,2
181,162000,59.96,13.0,2000.0,522,5,5
182,158500,202.27,,1993.0,173,3,1
183,122000,181.59,,1990.0,75,0,1
184,198000,84.42,11.0,2001.0,19,1,2
185,213000,217.4,,1993.0,53,0,0
186,19000,21.91,5.0,2006.0,522,5,5
187,61000,25.66,3.0,2024.0,173,3,1
188,209000,84.97,15.0,2012.0,36,0,1
189,167000,59.9,11.0,2001.0,37,1,2
190,138600,195.37,,1992.0,75,0,1
191,236500,84.77,10.0,2016.0,126,1,3
192,16500,28.08,4.0,2003.0,1057,1,3
193,135000,79.44,,1973.0,75,0,1
194,209000,59.98,10.0,2016.0,36,0,1
195,203000,59.983,2.0,2019.0,37,1,2
196,130000,84.495,14.0,1996.0,126,1,3
197,134000,59.94,17.0,1998.0,155,1,4
198,465000,84.811,22.0,2017.0,778,2,7
199,26000,17.76,2.0,2004.0,36,1,4
200,175000,62.69,1.0,2002.0,53,0,0
201,36500,65.01,11.0,2006.0,173,3,1
202,209000,59.983,6.0,2019.0,37,1,2
203,243000,116.22,7.0,2003.0,1057,1,3
204,325000,108.82,22.0,2018.0,522,5,5
205,243000,122.01,8.0,1998.0,522,5,5
206,194000,84.82,20.0,2001.0,37,1,2
207,177000,59.97,9.0,1994.0,53,0,0
208,63000,58.56,2.0,1997.0,47,0,0
209,250000,113.71,12.0,1986.0,19,1,2
210,20000,18.78,4.0,2020.0,173,3,1
211,189000,59.99,11.0,2012.0,36,0,1
212,67000,35.86,2.0,2023.0,126,1,3
213,290000,59.67,8.0,1994.0,1057,1,3
214,146500,59.97,9.0,1995.0,522,5,5
215,217500,104.56,8.0,2003.0,1057,1,3
216,200000,75.37,1.0,1990.0,92,2,4
217,44000,59.43,-1.0,1994.0,19,1,2
218,250000,113.71,12.0,1986.0,19,1,2
219,195000,84.95,11.0,2003.0,522,5,5
220,191000,84.95,5.0,2003.0,522,5,5
221,146000,84.99,12.0,2004.0,155,1,4
222,182000,84.82,14.0,2001.0,37,1,2
223,137500,59.4,9.0,2001.0,126,1,3
224,18000,16.368,4.0,2018.0,522,5,5
225,172000,59.97,9.0,2001.0,37,1,2
226,40000,34.2,2.0,1990.0,36,1,4
227,170000,95.99,,1991.0,53,0,0
228,350000,56.97,1.0,1984.0,1057,1,3
229,426000,177.12,4.0,1982.0,92,2,4
230,115000,59.97,15.0,2006.0,155,1,4
231,518000,199.35,,1993.0,778,2,7
232,274000,84.96,34.0,2018.0,522,5,5
233,56000,59.95,1.0,1994.0,19,1,2
234,185000,114.57,3.0,2001.0,37,1,2
235,208800,102.28,,1974.0,75,0,1
236,171000,96.43,,1974.0,75,0,1
237,148000,84.33,3.0,2001.0,126,1,3
238,169000,59.966,2.0,2012.0,53,0,0
239,166500,59.96,17.0,2000.0,522,5,5
240,195000,59.885,6.0,2000.0,778,2,7
241,266000,84.96,37.0,2018.0,522,5,5
242,154500,114.46,1.0,1996.0,126,1,3
243,185000,84.74,4.0,2011.0,522,5,5
244,38000,42.91,5.0,2016.0,155,1,4
245,27000,26.64,2.0,2014.0,155,1,4
246,147200,84.91,15.0,1998.0,155,1,4
247,192700,84.71,11.0,2000.0,522,5,5
248,205000,71.05,5.0,1990.0,92,2,4
249,14800,18.33,2.0,2013.0,1057,1,3
250,36500,26.93,3.0,2017.0,47,0,0
251,14500,22.82,13.0,2011.0,126,1,3
252,290000,59.94,13.0,1994.0,1057,1,3
253,167500,114.46,6.0,1996.0,126,1,3
254,261500,84.96,11.0,2018.0,522,5,5
255,169000,59.9,16.0,2001.0,37,1,2
256,193800,84.838,6.0,2007.0,37,1,2
257,124000,64.21,3.0,2009.0,75,0,1
258,135000,59.97,14.0,1996.0,19,1,2
259,199000,59.7,7.0,1999.0,92,2,4
260,199000,59.7,7.0,1999.0,92,2,4
261,226000,84.88,4.0,2015.0,126,1,3
262,225000,59.25,9.0,2012.0,92,2,4
263,39400,59.66,2.0,1999.0,37,1,2
264,205000,84.97,11.0,2012.0,36,0,1
265,184000,59.98,2.0,2012.0,36,0,1
266,26700,43.05,7.0,2009.0,77,0,0
267,171000,59.95,13.0,2001.0,37,1,2
268,157000,134.79,9.0,1998.0,155,1,4
269,90000,148.68,,1993.0,36,0,1
270,292000,179.51,,1993.0,1057,1,3
271,19000,30.32,11.0,2005.0,126,1,3
272,177000,52.21,5.0,2003.0,19,1,2
273,130000,59.94,10.0,1997.0,522,5,5
274,145000,59.97,11.0,1995.0,522,5,5
275,23000,35.32,3.0,1995.0,37,1,2
276,57600,19.25,2.0,2026.0,173,3,1
277,102500,59.21,5.0,2000.0,75,0,1
278,174500,114.32,1.0,1997.0,92,2,4
279,205000,75.51,12.0,1986.0,19,1,2
280,20400,20.64,5.0,2012.0,1057,1,3
281,140000,40.94,12.0,2016.0,126,1,3
282,137500,114.93,1.0,2001.0,126,1,3
283,140000,59.92,7.0,2006.0,37,1,2
284,11000,21.95,14.0,2016.0,173,3,1
285,206000,59.983,5.0,2019.0,37,1,2
286,134200,36.09,1.0,1990.0,53,0,0
287,29000,34.65,1.0,1991.0,92,2,4
288,65000,43.04,3.0,1994.0,37,1,2
289,65000,43.04,3.0,1994.0,37,1,2
290,55000,29.3,3.0,2024.0,173,3,1
291,230000,84.767,11.0,2004.0,92,2,4
292,24000,16.38,8.0,2018.0,778,2,7
293,50000,50.975,2.0,1995.0,36,0,1
294,195000,84.71,24.0,2000.0,522,5,5
295,195000,84.71,13.0,2000.0,522,5,5
296,162500,59.96,5.0,2000.0,522,5,5
297,137000,59.7,13.0,2004.0,155,1,4
298,18100,14.5,5.0,2012.0,77,0,0
299,18500,14.83,3.0,2012.0,77,0,0
300,176000,134.97,6.0,1996.0,155,1,4
301,217000,84.015,11.0,2000.0,778,2,7
302,200000,84.83,13.0,2003.0,19,1,2
303,215000,84.78,10.0,1997.0,778,2,7
304,255000,84.982,19.0,2019.0,37,1,2
305,213000,59.949,12.0,2019.0,37,1,2
306,30000,38.13,1.0,1997.0,37,1,2
307,177000,59.76,19.0,2001.0,19,1,2
308,177000,59.76,19.0,2001.0,19,1,2
309,31000,30.3,2.0,1996.0,19,1,2
310,11500,21.9,5.0,2016.0,173,3,1
311,125000,29.23,4.0,1994.0,53,0,0
312,144500,84.91,5.0,1998.0,155,1,4
313,19600,18.06,4.0,2015.0,155,1,4
314,148000,114.93,9.0,2001.0,126,1,3
315,155000,114.62,14.0,2000.0,522,5,5
316,35000,28.49,3.0,2014.0,47,0,0
317,67000,42.99,2.0,1992.0,37,1,2
318,140000,59.76,18.0,1996.0,155,1,4
319,158000,59.936,16.0,2004.0,126,1,3
320,136000,84.97,2.0,2001.0,126,1,3
321,34750,27.45,2.0,2014.0,47,0,0
322,160000,59.96,11.0,2000.0,522,5,5
323,234000,122.01,1.0,1998.0,522,5,5
324,16200,16.52,5.0,2012.0,778,2,7
325,313000,177.48,,1995.0,1057,1,3
326,102000,33.95,,1966.0,37,1,2
327,135000,39.12,3.0,1991.0,53,0,0
328,29000,35.89,1.0,1999.0,37,1,2
329,160000,114.46,11.0,1996.0,126,1,3
330,180000,84.82,4.0,2001.0,37,1,2
331,28500,28.49,5.0,2014.0,47,0,0
332,32700,29.74,-1.0,1995.0,19,1,2
333,40000,40.74,4.0,1995.0,19,1,2
334,42000,29.98,2.0,2016.0,155,1,4
335,91800,71.85,3.0,1989.0,36,1,4
336,60000,23.11,2.0,2023.0,173,3,1
337,205500,59.88,9.0,2015.0,126,1,3
338,226000,84.96,23.0,2015.0,126,1,3
339,218500,84.92,17.0,2014.0,14,0,0
340,242000,157.29,9.0,2014.0,14,0,0
341,233000,59.862,6.0,2012.0,37,1,2
342,32700,29.74,-1.0,1995.0,19,1,2
343,165500,59.76,6.0,2001.0,19,1,2
344,210000,59.59,23.0,2016.0,126,1,3
345,14800,18.33,3.0,2013.0,1057,1,3
346,142000,59.936,7.0,2004.0,126,1,3
347,175000,84.53,2.0,1989.0,19,1,2
348,170000,59.98,21.0,2003.0,19,1,2
349,22140,22.26,1.0,1994.0,19,1,2
350,45000,16.45,5.0,2022.0,173,3,1
351,142000,59.936,7.0,2004.0,126,1,3
352,151000,84.33,8.0,2001.0,126,1,3
353,120000,57.16,8.0,2003.0,92,2,4
354,273000,96.18,2.0,1983.0,778,2,7
355,265500,84.96,32.0,2018.0,522,5,5
356,355000,108.82,30.0,2018.0,522,5,5
357,28300,27.45,4.0,2014.0,47,0,0
358,14800,18.33,6.0,2013.0,1057,1,3
359,14800,18.33,5.0,2013.0,1057,1,3
360,14800,18.33,2.0,2013.0,1057,1,3
361,14800,18.33,2.0,2013.0,1057,1,3
362,124500,23.28,1.0,2012.0,53,0,0
363,123000,186.85,,2006.0,126,1,3
364,760000,494.56,,1991.0,1057,1,3
365,123000,186.85,,2006.0,126,1,3
366,180000,209.14,2.0,2000.0,92,2,4
367,9200,26.95,5.0,1991.0,173,3,1
368,30000,38.13,1.0,2000.0,37,1,2
369,214000,84.822,2.0,1999.0,92,2,4
370,162000,59.96,10.0,2000.0,522,5,5
371,187000,114.32,14.0,1997.0,92,2,4
372,191700,84.71,5.0,2000.0,522,5,5
373,163000,114.46,5.0,1996.0,126,1,3
374,202000,81.567,6.0,2003.0,1057,1,3
375,149500,59.936,13.0,2004.0,126,1,3
376,110000,50.02,3.0,1982.0,155,1,4
377,157700,59.91,7.0,1989.0,19,1,2
378,167000,59.96,21.0,2000.0,522,5,5
379,27000,28.99,-1.0,1995.0,19,1,2
380,32000,29.73,4.0,2012.0,778,2,7
381,204000,59.983,14.0,2019.0,37,1,2
382,232000,84.87,11.0,2007.0,37,1,2
383,247000,84.96,13.0,2016.0,126,1,3
384,30000,29.92,4.0,2011.0,155,1,4
385,30000,42.46,3.0,2012.0,19,1,2
386,59000,74.98,3.0,2012.0,19,1,2
387,209000,84.93,9.0,1998.0,522,5,5
388,244000,114.771,1.0,2012.0,37,1,2
389,22000,12.24,3.0,2011.0,77,0,0
390,100500,171.28,,1990.0,75,0,1
391,169000,59.96,25.0,2000.0,522,5,5
392,205000,114.62,8.0,2000.0,522,5,5
393,178000,59.97,13.0,2001.0,37,1,2
394,170000,59.97,4.0,2001.0,37,1,2
395,183000,84.979,5.0,2012.0,53,0,0
396,97000,84.67,3.0,2004.0,155,1,4
397,177000,84.87,14.0,2000.0,522,5,5
398,167000,59.97,2.0,2001.0,37,1,2
399,167000,59.9,7.0,2001.0,37,1,2
400,184000,84.82,10.0,2001.0,37,1,2
401,200000,84.82,20.0,2001.0,37,1,2
402,179500,116.58,6.0,2009.0,75,0,1
403,14900,18.33,8.0,2013.0,1057,1,3
404,166000,84.97,16.0,2006.0,155,1,4
405,84500,59.8,2.0,2023.0,126,1,3
406,200000,116.81,5.0,1994.0,53,0,0
407,97000,84.67,3.0,2004.0,155,1,4
408,150000,44.88,1.0,1985.0,53,0,0
409,126500,59.91,22.0,1998.0,155,1,4
410,166000,59.99,1.0,2009.0,522,5,5
411,170000,59.99,3.0,2009.0,522,5,5
412,303000,81.8,14.0,1994.0,1057,1,3
413,140000,84.91,14.0,1998.0,155,1,4
414,69800,59.18,2.0,2018.0,778,2,7
415,80000,59.49,10.0,1999.0,1057,1,3
416,15200,24.84,11.0,2003.0,1057,1,3
417,34900,56.0,9.0,2006.0,173,3,1
418,24300,18.63,8.0,2020.0,77,0,0
419,194000,114.94,8.0,2000.0,522,5,5
420,178000,84.99,6.0,2003.0,37,1,2
421,218500,59.25,12.0,2012.0,92,2,4
422,157500,59.96,13.0,2000.0,522,5,5
423,148500,59.936,3.0,2004.0,126,1,3
424,150000,84.66,3.0,2004.0,778,2,7
425,39000,39.15,8.0,2004.0,778,2,7
426,119000,60.0,6.0,1999.0,155,1,4
427,190000,84.42,4.0,2001.0,19,1,2
428,239000,84.762,9.0,2004.0,92,2,4
429,163700,114.57,1.0,2001.0,37,1,2
430,210000,59.983,14.0,2019.0,37,1,2
431,42600,28.18,3.0,2017.0,1057,1,3
432,146000,84.417,1.0,2004.0,126,1,3
433,60000,23.82,5.0,2023.0,173,3,1
434,150000,75.2,10.0,1989.0,126,1,3
435,187000,84.98,2.0,2012.0,36,0,1
436,285000,49.68,1.0,1983.0,1057,1,3
437,185000,84.82,7.0,2001.0,37,1,2
438,208000,81.567,6.0,2003.0,1057,1,3
439,130000,59.94,11.0,1998.0,155,1,4
440,219500,114.33,13.0,2011.0,522,5,5
441,205000,59.99,6.0,2007.0,37,1,2
442,34500,35.18,2.0,1997.0,37,1,2
443,160000,59.68,11.0,2011.0,522,5,5
444,81000,72.9,3.0,2006.0,126,1,3
445,207500,53.14,9.0,1983.0,778,2,7
446,87500,71.85,3.0,1989.0,36,1,4
447,700000,402.71,,1980.0,1057,1,3
448,136000,84.91,3.0,1998.0,155,1,4
449,31300,27.49,5.0,2015.0,778,2,7
450,162500,57.78,6.0,1986.0,92,2,4
451,187500,84.71,15.0,2000.0,522,5,5
452,160000,59.76,2.0,2001.0,19,1,2
453,144000,59.76,7.0,1996.0,155,1,4
454,15300,24.07,3.0,2011.0,126,1,3
455,950000,135.0,,1970.0,1057,1,3
456,210000,59.983,7.0,2019.0,37,1,2
457,244000,129.34,16.0,2015.0,126,1,3
458,179000,59.91,7.0,2003.0,522,5,5
459,189500,59.99,12.0,2007.0,37,1,2
460,210000,84.78,20.0,1997.0,778,2,7
461,185000,84.99,4.0,2010.0,37,1,2
462,14800,18.33,6.0,2013.0,1057,1,3
463,30000,33.45,11.0,1998.0,1057,1,3
464,29000,28.81,6.0,2018.0,155,1,4
465,187000,59.7,14.0,1999.0,92,2,4
466,162000,84.417,4.0,2004.0,126,1,3
467,143500,76.76,8.0,1996.0,19,1,2
468,43500,46.105,2.0,2003.0,36,1,4
469,167500,59.96,14.0,2000.0,522,5,5
470,156000,148.05,,1993.0,53,0,0
471,360000,149.76,,1993.0,778,2,7
472,68000,64.32,4.0,2002.0,75,0,1
473,204000,59.98,6.0,2016.0,36,0,1
474,240000,58.23,2.0,1989.0,778,2,7
475,120000,84.93,14.0,2006.0,77,0,0
476,143000,84.97,4.0,2001.0,126,1,3
477,120000,30.96,1.0,1992.0,53,0,0
478,85000,71.85,11.0,1989.0,36,1,4
479,35000,27.16,6.0,2019.0,77,0,0
480,158000,84.81,9.0,1996.0,19,1,2
481,198000,59.93,24.0,2016.0,126,1,3
482,187000,84.731,14.0,2012.0,53,0,0
483,175000,114.32,17.0,1997.0,92,2,4
484,169000,59.9,9.0,2001.0,37,1,2
485,215000,59.983,17.0,2019.0,37,1,2
486,218000,114.666,9.0,1999.0,92,2,4
487,37500,29.47,6.0,2015.0,1057,1,3
488,300000,114.78,8.0,1998.0,92,2,4
489,204000,124.19,10.0,1994.0,53,0,0
490,232000,84.96,10.0,2016.0,126,1,3
491,245000,49.668,19.0,2017.0,778,2,7
492,188500,81.48,10.0,1994.0,778,2,7
493,240000,84.55,6.0,2007.0,37,1,2
494,185000,114.97,5.0,2003.0,522,5,5
495,142000,59.9,4.0,1997.0,92,2,4
496,37800,65.95,10.0,2006.0,173,3,1
497,24500,42.75,8.0,2006.0,173,3,1
498,160000,59.9,1.0,2001.0,37,1,2
499,163500,114.46,16.0,1996.0,126,1,3
500,163000,84.53,4.0,1989.0,19,1,2
501,144750,84.71,2.0,2004.0,155,1,4
502,140000,114.59,1.0,1989.0,126,1,3
503,163000,84.049,10.0,2023.0,37,1,2
504,146500,59.9,6.0,1997.0,92,2,4
505,168000,59.99,5.0,2017.0,126,1,3
506,195000,59.7,9.0,1999.0,92,2,4
507,196000,59.7,18.0,1999.0,92,2,4
508,1400000,206.74,12.0,2020.0,778,2,7
509,153000,71.33,13.0,1996.0,126,1,3
510,100000,84.038,3.0,2005.0,155,1,4
511,237000,84.98,14.0,2016.0,126,1,3
512,240000,84.932,12.0,2019.0,37,1,2
513,250500,84.3,14.0,2016.0,92,2,4
514,16000,19.4,5.0,2012.0,1057,1,3
515,190500,84.99,1.0,2012.0,36,0,1
516,1400000,563.44,,1984.0,1057,1,3
517,100000,84.038,3.0,2005.0,155,1,4
518,189000,114.57,5.0,2001.0,37,1,2
519,180000,84.82,16.0,2001.0,37,1,2
520,188000,84.95,20.0,2003.0,522,5,5
521,169000,59.9,20.0,2001.0,37,1,2
522,216000,59.25,14.0,2012.0,92,2,4
523,185000,59.99,7.0,2007.0,37,1,2
524,180000,69.21,14.0,1990.0,778,2,7
525,143000,59.507,13.0,2023.0,37,1,2
526,140000,59.91,2.0,2003.0,522,5,5
527,130000,84.91,26.0,2006.0,77,0,0
528,199000,59.94,10.0,2016.0,126,1,3
529,220000,84.96,20.0,2015.0,126,1,3
530,75000,124.34,,1992.0,53,0,0
531,90000,71.85,7.0,1989.0,36,1,4
532,235000,114.666,3.0,1999.0,92,2,4
533,270000,243.78,,1992.0,1057,1,3
534,130000,163.3,,1990.0,522,5,5
535,167000,84.97,12.0,1999.0,778,2,7
536,150000,59.98,4.0,2003.0,19,1,2
537,185000,84.74,4.0,2011.0,522,5,5
538,178000,114.57,1.0,2001.0,37,1,2
539,170000,164.86,18.0,1998.0,155,1,4
540,189000,84.71,23.0,2000.0,522,5,5
541,162500,59.96,9.0,2000.0,522,5,5
542,199800,84.99,12.0,2009.0,522,5,5
543,21000,29.54,11.0,2004.0,92,2,4
544,237000,84.81,5.0,2012.0,92,2,4
545,200000,84.967,6.0,2003.0,778,2,7
546,250000,114.6,17.0,2001.0,37,1,2
547,135000,84.91,28.0,1998.0,155,1,4
548,136800,84.91,8.0,1998.0,155,1,4
549,125000,84.981,1.0,2009.0,126,1,3
550,136800,84.91,8.0,1998.0,155,1,4
551,30000,49.16,-1.0,1995.0,37,1,2
552,220000,84.65,11.0,2011.0,92,2,4
553,249000,84.3,12.0,2016.0,92,2,4
554,154000,59.936,5.0,2004.0,126,1,3
555,183000,84.71,7.0,2000.0,522,5,5
556,179000,82.38,1.0,1995.0,53,0,0
557,240000,84.767,11.0,2004.0,92,2,4
558,160000,59.76,5.0,2001.0,19,1,2
559,178000,84.87,5.0,2000.0,522,5,5
560,185000,75.51,8.0,1986.0,19,1,2
561,155000,59.91,3.0,1990.0,19,1,2
562,160000,59.95,5.0,2001.0,37,1,2
563,132000,59.97,3.0,1996.0,19,1,2
564,178000,114.97,1.0,2003.0,522,5,5
565,148000,59.507,10.0,2023.0,37,1,2
566,213000,84.09,8.0,1998.0,522,5,5
567,151000,52.52,2.0,2006.0,53,0,0
568,166000,59.9,16.0,2001.0,37,1,2
569,120000,84.74,20.0,2006.0,77,0,0
570,15000,35.0,8.0,2011.0,173,3,1
571,164500,55.35,3.0,1985.0,1057,1,3
572,364000,83.9,3.0,2007.0,778,2,7
573,213000,84.09,10.0,1998.0,522,5,5
574,30000,33.45,8.0,1998.0,1057,1,3
575,222000,42.25,2.0,1978.0,1057,1,3
576,150000,58.32,8.0,1999.0,778,2,7
577,240000,96.18,1.0,1983.0,778,2,7
578,240000,96.18,1.0,1983.0,778,2,7
579,225000,59.25,5.0,2012.0,92,2,4
580,182000,114.94,1.0,2000.0,522,5,5
581,147000,75.2,10.0,1989.0,126,1,3
582,134200,59.91,10.0,1998.0,155,1,4
583,150000,84.33,11.0,2006.0,37,1,2
584,196500,114.97,12.0,2003.0,522,5,5
585,137000,60.0,11.0,1997.0,778,2,7
586,202000,59.4,16.0,1994.0,778,2,7
587,153500,59.936,14.0,2004.0,126,1,3
588,23000,18.63,4.0,2020.0,77,0,0
589,230000,59.88,9.0,2016.0,92,2,4
590,24000,34.2,1.0,1999.0,37,1,2
591,14600,25.74,5.0,2003.0,14,0,0
592,198000,114.62,14.0,2000.0,522,5,5
593,185000,114.94,5.0,2000.0,522,5,5
594,164000,59.99,8.0,2005.0,53,0,0
595,430000,84.811,5.0,2017.0,778,2,7
596,154000,84.49,12.0,2005.0,53,0,0
597,230000,59.78,3.0,2016.0,92,2,4
598,14000,22.97,5.0,2011.0,126,1,3
599,35500,26.93,5.0,2017.0,47,0,0
600,13700,20.21,6.0,2016.0,173,3,1
601,210000,130.42,11.0,2006.0,1057,1,3
602,201000,59.98,8.0,2016.0,36,0,1
603,230000,59.78,3.0,2016.0,92,2,4
604,214000,59.25,3.0,2012.0,92,2,4
605,265000,87.67,12.0,1982.0,92,2,4
606,175500,68.58,5.0,1986.0,92,2,4
607,40000,19.25,5.0,2026.0,173,3,1
608,59000,18.65,2.0,2026.0,173,3,1
609,14000,22.97,5.0,2011.0,126,1,3
610,171500,79.08,12.0,1994.0,53,0,0
611,159000,54.0,2.0,1983.0,1057,1,3
612,43000,20.7,1.0,2022.0,173,3,1
613,60000,42.93,1.0,1992.0,37,1,2
614,77000,84.87,3.0,2003.0,37,1,2
615,150000,84.81,14.0,1996.0,19,1,2
616,132000,59.97,10.0,1996.0,19,1,2
617,176200,67.92,3.0,1998.0,522,5,5
618,140000,84.87,6.0,2009.0,75,0,1
619,183000,59.94,1.0,2016.0,126,1,3
620,205000,59.99,12.0,2012.0,36,0,1
621,200000,81.567,11.0,2003.0,1057,1,3
622,25500,22.29,2.0,2018.0,77,0,0
623,173000,59.95,12.0,2001.0,37,1,2
624,167500,59.97,3.0,2005.0,53,0,0
625,194500,59.7,4.0,1999.0,92,2,4
626,180000,59.7,2.0,1999.0,92,2,4
627,260000,84.3,7.0,2016.0,92,2,4
628,228000,59.77,11.0,2016.0,92,2,4
629,249000,84.3,7.0,2016.0,92,2,4
630,122500,60.0,8.0,1999.0,155,1,4
631,123500,59.96,4.0,2004.0,155,1,4
632,195000,59.7,4.0,1999.0,92,2,4
633,150500,84.93,11.0,1996.0,155,1,4
634,138500,59.76,18.0,1996.0,155,1,4
635,163000,84.22,4.0,1992.0,778,2,7
636,235000,129.34,13.0,2015.0,126,1,3
637,232000,84.957,21.0,2019.0,37,1,2
638,226000,59.99,15.0,2007.0,37,1,2
639,124500,78.35,3.0,2005.0,778,2,7
640,250000,104.38,12.0,1990.0,92,2,4
641,178000,114.57,15.0,2001.0,37,1,2
642,205000,84.98,7.0,2012.0,36,0,1
643,45000,35.36,3.0,1995.0,37,1,2
644,1100000,419.42,,1997.0,778,2,7
645,175000,172.8,,1990.0,75,0,1
646,220000,59.907,10.0,2012.0,37,1,2
647,32800,25.92,3.0,2016.0,47,0,0
648,215000,127.44,14.0,2014.0,14,0,0
649,262000,148.8,15.0,2015.0,126,1,3
650,217000,84.88,12.0,2015.0,126,1,3
651,149500,114.93,14.0,2001.0,126,1,3
652,230000,84.699,8.0,2011.0,92,2,4
653,53000,14.38,2.0,2026.0,173,3,1
654,109500,40.86,2.0,1986.0,155,1,4
655,69500,57.79,4.0,1994.0,1057,1,3
656,12000,21.9,15.0,2016.0,173,3,1
657,12000,19.88,15.0,2016.0,173,3,1
658,188000,114.57,12.0,2001.0,37,1,2
659,145000,67.35,1.0,1987.0,778,2,7
660,200000,84.81,11.0,2011.0,522,5,5
661,188000,59.59,6.0,2016.0,126,1,3
662,270000,84.776,32.0,0.0,522,5,5
663,135000,62.41,7.0,1989.0,126,1,3
664,175000,59.97,12.0,2001.0,37,1,2
665,192000,59.99,12.0,2007.0,37,1,2
666,150000,84.81,10.0,1996.0,19,1,2
667,180000,59.96,4.0,2014.0,14,0,0
668,180000,59.96,4.0,2014.0,14,0,0
669,110000,55.72,3.0,2016.0,37,1,2
670,33900,44.14,-1.0,1995.0,19,1,2
671,31000,30.5,-1.0,1992.0,778,2,7
672,166500,59.96,3.0,2000.0,522,5,5
673,145000,114.94,7.0,2000.0,522,5,5
674,171500,59.99,19.0,2017.0,126,1,3
675,38200,44.05,5.0,2015.0,778,2,7
676,219000,104.56,14.0,2003.0,1057,1,3
677,220000,59.25,17.0,2012.0,92,2,4
678,43000,47.09,2.0,1993.0,36,0,1
679,175000,59.7,2.0,1999.0,92,2,4
680,223000,59.77,8.0,2016.0,92,2,4
681,52000,27.65,2.0,1986.0,173,3,1
682,80000,118.81,,1975.0,173,3,1
683,182000,84.95,4.0,2003.0,522,5,5
684,139000,59.507,9.0,2023.0,37,1,2
685,163000,59.81,10.0,2011.0,522,5,5
686,156000,84.91,2.0,1999.0,778,2,7
687,53700,17.48,2.0,2026.0,173,3,1
688,355000,149.39,8.0,1982.0,92,2,4
689,155000,94.46,12.0,1989.0,126,1,3
690,235000,84.932,10.0,2019.0,37,1,2
691,216000,104.41,15.0,1990.0,92,2,4
692,163800,59.9,5.0,2001.0,37,1,2
693,59800,23.1,3.0,2026.0,173,3,1
694,84800,84.95,1.0,2007.0,173,3,1
695,227000,277.65,,1979.0,173,3,1
696,257500,84.3,14.0,2016.0,92,2,4
697,130000,59.97,3.0,1995.0,522,5,5
698,41000,59.57,1.0,2003.0,19,1,2
699,197000,59.84,4.0,2012.0,92,2,4
700,56500,43.44,4.0,2003.0,778,2,7
701,165000,104.56,3.0,2003.0,1057,1,3
702,198000,114.57,20.0,2001.0,37,1,2
703,98000,108.01,,1981.0,155,1,4
704,31500,68.9,4.0,2011.0,75,0,1
705,227000,277.65,,1979.0,173,3,1
706,27700,33.84,3.0,1997.0,37,1,2
707,190000,114.62,25.0,2000.0,522,5,5
708,35500,26.22,-1.0,1992.0,37,1,2
709,54400,75.79,1.0,2004.0,522,5,5
710,64000,57.27,3.0,2014.0,522,5,5
711,24500,31.6,3.0,2003.0,778,2,7
712,248000,84.9,20.0,2018.0,522,5,5
713,114500,84.74,7.0,2006.0,77,0,0
714,14000,12.84,8.0,2013.0,126,1,3
715,64000,57.27,3.0,2014.0,522,5,5
716,33000,27.04,2.0,2015.0,778,2,7
717,199000,84.97,9.0,2012.0,36,0,1
718,194000,114.67,8.0,2001.0,37,1,2
719,142500,114.93,3.0,2001.0,126,1,3
720,171500,84.87,4.0,2000.0,522,5,5
721,170000,84.87,4.0,2000.0,522,5,5
722,126000,84.71,20.0,2000.0,522,5,5
723,385000,177.12,3.0,1982.0,92,2,4
724,165000,59.96,1.0,2014.0,14,0,0
725,204000,84.98,16.0,2012.0,36,0,1
726,245000,84.87,8.0,2007.0,37,1,2
727,194000,59.99,19.0,2016.0,126,1,3
728,223500,84.96,11.0,2016.0,126,1,3
729,230000,84.98,27.0,2016.0,126,1,3
730,25000,19.42,18.0,2019.0,14,0,0
731,74500,48.5,7.0,2018.0,1057,1,3
732,370000,249.95,,1984.0,778,2,7
733,205000,116.22,10.0,2003.0,1057,1,3
734,160500,59.9,10.0,2001.0,37,1,2
735,38000,20.25,,1986.0,155,1,4
736,470000,344.03,,1988.0,778,2,7
737,185000,49.12,1.0,1980.0,778,2,7
738,40000,28.73,3.0,2023.0,173,3,1
739,295000,117.07,,1992.0,1057,1,3
740,185000,84.71,9.0,2000.0,522,5,5
741,176000,114.57,8.0,2001.0,37,1,2
742,22000,27.01,8.0,2004.0,92,2,4
743,208000,84.9,8.0,1990.0,92,2,4
744,129500,84.91,1.0,1998.0,155,1,4
745,248000,84.81,7.0,2012.0,92,2,4
746,267500,115.9,3.0,2016.0,92,2,4
747,45000,57.52,1.0,2002.0,19,1,2
748,117500,67.34,2.0,2004.0,1057,1,3
749,165000,57.78,5.0,1986.0,92,2,4
750,120000,59.82,9.0,1999.0,1057,1,3
751,33600,29.72,4.0,2012.0,778,2,7
752,159000,84.93,10.0,1986.0,155,1,4
753,34000,33.36,-1.0,1995.0,37,1,2
754,52000,39.12,3.0,1996.0,37,1,2
755,202000,52.5,5.0,1983.0,778,2,7
756,34500,32.49,2.0,2014.0,522,5,5
757,168000,59.91,11.0,2003.0,522,5,5
758,197000,114.97,8.0,2003.0,522,5,5
759,209000,59.99,4.0,2007.0,37,1,2
760,157800,59.68,12.0,2011.0,522,5,5
761,15900,24.84,11.0,2004.0,522,5,5
762,195000,104.56,16.0,2003.0,1057,1,3
763,250000,344.72,,1993.0,53,0,0
764,199000,84.78,12.0,1997.0,778,2,7
765,54000,57.18,4.0,2015.0,75,0,1
766,232000,84.982,14.0,2019.0,37,1,2
767,207000,59.983,10.0,2019.0,37,1,2
768,45500,29.57,10.0,2018.0,522,5,5
769,187000,84.97,3.0,2012.0,36,0,1
770,152700,59.936,8.0,2004.0,126,1,3
771,166000,59.97,9.0,2005.0,53,0,0
772,24000,19.03,4.0,2018.0,778,2,7
773,35000,29.28,17.0,2022.0,77,0,0
774,55500,18.13,2.0,2026.0,173,3,1
775,187000,84.42,4.0,2001.0,19,1,2
776,168500,59.76,9.0,2001.0,19,1,2
777,149800,59.936,10.0,2004.0,126,1,3
778,47846,27.7,,1963.0,37,1,2
779,44154,23.97,,1967.0,37,1,2
780,179000,84.82,13.0,2001.0,37,1,2
781,147500,59.936,16.0,2004.0,126,1,3
782,194500,59.949,3.0,2019.0,37,1,2
783,83000,84.95,11.0,2007.0,173,3,1
784,37000,29.88,5.0,2016.0,1057,1,3
785,167000,59.96,12.0,2000.0,522,5,5
786,158500,59.95,7.0,2001.0,37,1,2
787,42000,33.36,2.0,1995.0,37,1,2
788,213000,59.25,16.0,2012.0,92,2,4
789,118000,24.48,,1985.0,53,0,0
790,60000,178.98,,1995.0,173,3,1
791,136000,59.97,2.0,1995.0,522,5,5
792,145000,84.96,12.0,1995.0,522,5,5
793,232000,59.88,9.0,2016.0,92,2,4
794,44500,15.18,2.0,2023.0,173,3,1
795,122800,59.94,3.0,1998.0,155,1,4
796,43000,29.04,-1.0,1993.0,37,1,2
797,167000,59.94,7.0,2003.0,522,5,5
798,157500,59.68,8.0,2011.0,522,5,5
799,181000,84.74,12.0,2011.0,522,5,5
800,160000,84.49,3.0,2005.0,53,0,0
801,63300,58.32,6.0,2004.0,75,0,1
802,217000,129.34,3.0,2015.0,126,1,3
803,49000,59.46,-1.0,1992.0,37,1,2
804,403700,112.8,1.0,1987.0,778,2,7
805,218000,104.56,11.0,2003.0,1057,1,3
806,403700,112.8,2.0,1987.0,778,2,7
807,58200,79.32,2.0,2004.0,522,5,5
808,107400,146.15,3.0,2004.0,522,5,5
809,204000,59.4,17.0,1994.0,778,2,7
810,37000,60.45,14.0,2006.0,173,3,1
811,292600,102.72,-1.0,1987.0,778,2,7
812,165000,59.9,11.0,2001.0,37,1,2
813,113000,83.453,11.0,2022.0,75,0,1
814,129700,223.69,,2017.0,75,0,1
815,208000,286.05,,1988.0,522,5,5
816,142000,59.507,7.0,2023.0,37,1,2
817,205000,84.93,5.0,1998.0,522,5,5
818,188000,84.83,13.0,2003.0,19,1,2
819,131000,62.41,13.0,1989.0,126,1,3
820,59000,22.05,4.0,2023.0,173,3,1
821,175000,114.67,6.0,2001.0,37,1,2
822,115000,84.545,2.0,1995.0,173,3,1
823,230000,84.98,8.0,2016.0,126,1,3
824,51500,68.58,5.0,2001.0,92,2,4
825,225000,84.96,15.0,2016.0,126,1,3
826,12800,27.69,7.0,2004.0,155,1,4
827,44000,32.31,-1.0,1993.0,37,1,2
828,65000,52.83,-1.0,1994.0,37,1,2
829,27000,24.85,5.0,2017.0,47,0,0
830,250000,84.3,14.0,2016.0,92,2,4
831,28000,43.23,1.0,1986.0,77,0,0
832,10000,21.9,5.0,2016.0,173,3,1
833,160100,84.42,14.0,2001.0,19,1,2
834,280000,114.55,12.0,2007.0,37,1,2
835,239000,84.9,16.0,2018.0,522,5,5
836,223000,84.96,19.0,2016.0,126,1,3
837,225000,84.96,22.0,2016.0,126,1,3
838,295000,114.55,18.0,2007.0,37,1,2
839,172000,84.83,12.0,2003.0,19,1,2
840,57000,70.065,3.0,2008.0,36,0,1
841,46000,20.76,1.0,2022.0,173,3,1
842,220000,84.932,1.0,2019.0,37,1,2
843,229000,59.25,10.0,2012.0,92,2,4
844,173000,230.64,,1989.0,92,2,4
845,179000,84.82,7.0,2001.0,37,1,2
846,223000,84.96,19.0,2016.0,126,1,3
847,68000,84.8,14.0,2000.0,36,1,4
848,70000,64.99,3.0,2009.0,36,0,1
849,150000,59.99,4.0,2005.0,53,0,0
850,146000,26.4,2.0,2019.0,53,0,0
851,250000,148.94,21.0,2015.0,126,1,3
852,101000,56.04,3.0,1998.0,92,2,4
853,61000,29.99,4.0,2026.0,173,3,1
854,220000,142.26,3.0,1986.0,92,2,4
855,128000,59.4,3.0,2001.0,126,1,3
856,108000,84.971,13.0,2002.0,75,0,1
857,155000,59.95,1.0,2001.0,37,1,2
858,230000,59.77,6.0,2016.0,92,2,4
859,34700,24.64,-1.0,1992.0,37,1,2
860,20000,12.01,4.0,2012.0,522,5,5
861,24000,14.08,2.0,2013.0,522,5,5
862,148000,84.94,2.0,1996.0,126,1,3
863,140000,84.91,4.0,1998.0,155,1,4
864,105000,26.52,,2014.0,778,2,7
865,174000,114.57,10.0,2001.0,37,1,2
866,41000,71.23,2.0,,1057,1,3
867,200000,52.5,5.0,1983.0,778,2,7
868,33000,27.5,8.0,2018.0,155,1,4
869,31800,16.97,5.0,2022.0,1057,1,3
870,220000,84.699,10.0,2011.0,92,2,4
871,150000,84.94,9.0,1996.0,126,1,3
872,210000,84.967,9.0,2003.0,778,2,7
873,215500,59.25,11.0,2012.0,92,2,4
874,161500,59.97,7.0,1994.0,53,0,0
875,179000,84.95,8.0,2003.0,522,5,5
876,193000,59.99,13.0,2007.0,37,1,2
877,203000,59.93,17.0,2016.0,126,1,3
878,230000,84.96,10.0,2016.0,126,1,3
879,38500,49.97,3.0,1995.0,19,1,2
880,37000,23.46,1.0,1992.0,37,1,2
881,10450,23.8,4.0,2010.0,155,1,4
882,285000,59.67,1.0,1994.0,1057,1,3
883,232000,84.822,8.0,1999.0,92,2,4
884,181000,59.76,2.0,1997.0,778,2,7
885,141000,51.94,3.0,2017.0,126,1,3
886,162000,84.53,1.0,1989.0,19,1,2
887,158300,59.96,12.0,2000.0,522,5,5
888,168000,59.76,11.0,2001.0,19,1,2
889,171500,59.97,18.0,2001.0,37,1,2
890,520000,84.811,40.0,2017.0,778,2,7
891,200000,164.62,3.0,1987.0,92,2,4
892,20000,35.37,,1991.0,53,0,0
893,305000,84.97,2.0,2000.0,1057,1,3
894,194000,59.88,6.0,2015.0,126,1,3
895,120000,59.82,9.0,1999.0,1057,1,3
896,340000,84.77,15.0,2000.0,1057,1,3
897,175000,84.82,10.0,2001.0,37,1,2
898,149000,84.94,17.0,1996.0,126,1,3
899,150000,84.94,11.0,1996.0,126,1,3
900,165000,57.78,10.0,1986.0,92,2,4
901,153500,84.417,18.0,2004.0,126,1,3
902,223000,59.78,6.0,2016.0,92,2,4
903,260000,84.51,3.0,2016.0,92,2,4
904,188000,59.7,5.0,1999.0,92,2,4
905,192000,104.56,2.0,2003.0,1057,1,3
906,248000,115.99,21.0,2016.0,126,1,3
907,195000,80.8,6.0,1990.0,778,2,7
908,19500,33.1,2.0,1993.0,19,1,2
909,95000,84.93,8.0,2006.0,77,0,0
910,14900,18.33,2.0,2013.0,1057,1,3
911,194500,84.71,13.0,2000.0,522,5,5
912,164500,59.96,11.0,2000.0,522,5,5
913,158500,59.99,2.0,2009.0,522,5,5
914,650000,140.309,9.0,2017.0,778,2,7
915,248000,148.94,17.0,2015.0,126,1,3
916,220000,59.939,10.0,0.0,522,5,5
917,67800,25.4,3.0,2023.0,173,3,1
918,175000,84.87,12.0,2000.0,522,5,5
919,188000,114.57,20.0,2001.0,37,1,2
920,95000,74.95,5.0,2009.0,155,1,4
921,247000,84.3,16.0,2016.0,92,2,4
922,270000,59.67,6.0,1994.0,1057,1,3
923,259000,84.3,18.0,2016.0,92,2,4
924,30600,54.72,5.0,2007.0,155,1,4
925,160000,59.96,10.0,2000.0,522,5,5
926,140000,75.57,3.0,1992.0,53,0,0
927,270000,87.67,12.0,1982.0,92,2,4
928,269000,84.96,31.0,2018.0,522,5,5
929,265000,115.99,22.0,2016.0,126,1,3
930,216000,84.943,8.0,0.0,173,3,1
931,180000,69.21,3.0,1990.0,778,2,7
932,224000,92.24,20.0,2014.0,522,5,5
933,159200,59.91,13.0,2003.0,522,5,5
934,209500,127.44,5.0,2014.0,14,0,0
935,208000,59.25,20.0,2012.0,92,2,4
936,23000,31.6,10.0,2003.0,778,2,7
937,140000,59.76,7.0,1996.0,155,1,4
938,158000,84.417,10.0,2004.0,126,1,3
939,145000,58.32,17.0,1999.0,778,2,7
940,99000,68.5,3.0,1990.0,778,2,7
941,124000,59.79,12.0,2001.0,126,1,3
942,60000,23.69,4.0,2023.0,173,3,1
943,12500,19.88,12.0,2016.0,173,3,1
944,186000,114.94,13.0,2000.0,522,5,5
945,135000,51.94,10.0,2017.0,126,1,3
946,158000,84.417,12.0,2004.0,126,1,3
947,270000,115.1,11.0,2016.0,92,2,4
948,298000,48.51,1.0,1993.0,778,2,7
949,160000,57.78,10.0,1986.0,92,2,4
950,233000,59.91,15.0,2016.0,92,2,4
951,155000,84.93,5.0,1996.0,155,1,4
952,159000,59.95,5.0,2001.0,37,1,2
953,142000,84.45,7.0,2001.0,37,1,2
954,235000,84.932,16.0,2019.0,37,1,2
955,235000,84.982,16.0,2019.0,37,1,2
956,142500,81.02,5.0,2004.0,1057,1,3
957,195000,59.94,3.0,2016.0,126,1,3
958,160000,57.78,10.0,1986.0,92,2,4
959,160000,57.78,10.0,1986.0,92,2,4
960,92000,74.95,4.0,2009.0,155,1,4
961,176000,84.99,3.0,2003.0,37,1,2
962,67500,29.58,4.0,2021.0,173,3,1
963,200000,114.62,22.0,2000.0,522,5,5
964,186500,84.71,17.0,2000.0,522,5,5
965,180000,84.71,8.0,2000.0,522,5,5
966,160000,59.96,6.0,2000.0,522,5,5
967,174000,70.76,2.0,2009.0,522,5,5
968,58000,42.0,2.0,1993.0,92,2,4
969,168000,59.97,23.0,2001.0,37,1,2
970,215000,84.96,19.0,2015.0,126,1,3
971,135000,51.94,10.0,2017.0,126,1,3
972,160000,59.96,4.0,2000.0,522,5,5
973,67000,28.69,3.0,2021.0,522,5,5
974,119000,84.53,10.0,1989.0,19,1,2
975,210000,84.97,14.0,2015.0,126,1,3
976,180000,84.74,5.0,1986.0,92,2,4
977,149000,84.94,14.0,1996.0,126,1,3
978,180000,59.885,1.0,2000.0,778,2,7
979,195000,59.885,10.0,2000.0,778,2,7
980,143500,84.87,6.0,2009.0,75,0,1
981,148000,116.58,2.0,2009.0,75,0,1
982,210000,114.33,13.0,2011.0,522,5,5
983,232000,59.91,12.0,2016.0,92,2,4
984,150000,84.81,12.0,1996.0,19,1,2
985,37500,28.28,4.0,2017.0,778,2,7
986,195000,81.567,8.0,2003.0,1057,1,3
987,490000,199.93,,1991.0,1057,1,3
988,13400,24.84,2.0,2003.0,1057,1,3
989,9700,23.41,9.0,1991.0,173,3,1
990,205000,59.98,10.0,2016.0,36,0,1
991,70000,51.94,2.0,2018.0,1057,1,3
992,119000,84.675,1.0,1996.0,126,1,3
993,200000,84.92,2.0,2014.0,14,0,0
994,55000,82.93,2.0,1986.0,522,5,5
995,179000,59.96,11.0,2014.0,14,0,0
996,52300,29.76,2.0,2022.0,36,1,4
997,200000,59.983,5.0,2019.0,37,1,2
998,29000,38.13,1.0,1997.0,37,1,2
999,260000,84.81,14.0,2012.0,92,2,4
1000,167500,84.53,15.0,1989.0,19,1,2
1001,145000,116.58,1.0,2009.0,75,0,1
1002,70000,46.37,6.0,2022.0,126,1,3
1003,240000,84.81,10.0,2012.0,92,2,4
1004,114700,84.99,7.0,2014.0,173,3,1
1005,168000,84.97,11.0,1999.0,778,2,7
1006,22000,27.01,6.0,2004.0,92,2,4
1007,170500,84.71,2.0,2001.0,37,1,2
1008,130000,231.35,,2006.0,37,1,2
1009,169300,59.96,23.0,2000.0,522,5,5
1010,146500,94.46,2.0,1989.0,126,1,3
1011,50000,58.15,4.0,2003.0,155,1,4
1012,19000,27.01,11.0,2004.0,92,2,4
1013,234500,59.77,13.0,2016.0,92,2,4
1014,230000,59.77,12.0,2016.0,92,2,4
1015,158500,84.92,2.0,1997.0,92,2,4
1016,150000,50.39,1.0,1992.0,53,0,0
1017,25000,22.1,5.0,2012.0,778,2,7
1018,190000,59.99,8.0,2012.0,36,0,1
1019,62000,49.54,4.0,2008.0,173,3,1
1020,125000,84.495,8.0,1996.0,126,1,3
1021,110000,59.4,1.0,2001.0,1057,1,3
1022,14500,18.33,7.0,2013.0,1057,1,3
1023,123000,59.96,5.0,2004.0,155,1,4
1024,138700,80.89,7.0,2004.0,1057,1,3
1025,330000,91.54,,1970.0,1057,1,3
1026,140000,52.39,3.0,2008.0,53,0,0
1027,230000,59.78,6.0,2016.0,92,2,4
1028,44900,32.25,3.0,2002.0,778,2,7
1029,44900,32.25,3.0,2002.0,778,2,7
1030,208067,73.549,30.0,0.0,173,3,1
1031,151000,84.94,9.0,1996.0,126,1,3
1032,161000,59.96,13.0,2000.0,522,5,5
1033,155200,59.96,15.0,2000.0,522,5,5
1034,195500,84.74,11.0,1986.0,92,2,4
1035,49800,47.96,1.0,1996.0,37,1,2
1036,172000,59.99,17.0,2017.0,126,1,3
1037,120000,59.97,3.0,1996.0,19,1,2
1038,100000,59.94,3.0,2003.0,522,5,5
1039,227500,59.25,18.0,2012.0,92,2,4
1040,55400,80.6,,1993.0,126,1,3
1041,205000,101.995,7.0,2003.0,1057,1,3
1042,128000,59.94,12.0,1998.0,155,1,4
1043,128000,84.87,24.0,1997.0,522,5,5
1044,219000,127.44,10.0,2014.0,14,0,0
1045,175000,59.75,2.0,2015.0,126,1,3
1046,171905,59.897,9.0,0.0,173,3,1
1047,180000,84.74,12.0,2011.0,522,5,5
1048,158700,59.68,5.0,2011.0,522,5,5
1049,124000,89.81,3.0,2004.0,1057,1,3
1050,220000,59.726,4.0,0.0,522,5,5
1051,180000,84.95,13.0,2003.0,522,5,5
1052,70500,29.2,4.0,2017.0,1057,1,3
1053,136300,29.81,3.0,2017.0,1057,1,3
1054,72600,29.75,3.0,2017.0,1057,1,3
1055,72600,29.78,5.0,2017.0,1057,1,3
1056,128500,29.99,5.0,2017.0,1057,1,3
1057,200000,59.983,15.0,2019.0,37,1,2
1058,134000,59.97,4.0,1995.0,522,5,5
1059,48000,39.75,2.0,1996.0,37,1,2
1060,306500,119.94,,1976.0,1057,1,3
1061,33000,27.5,6.0,2018.0,155,1,4
1062,210000,158.16,,1996.0,75,0,1
1063,138000,62.41,14.0,1989.0,126,1,3
1064,158600,59.99,2.0,2009.0,522,5,5
1065,186000,104.56,4.0,2003.0,1057,1,3
1066,54900,29.96,2.0,2017.0,1057,1,3
1067,186000,59.76,16.0,1997.0,778,2,7
1068,210000,158.16,,1996.0,75,0,1
1069,263000,84.3,9.0,2016.0,92,2,4
1070,235000,84.73,2.0,2012.0,92,2,4
1071,9000,26.25,7.0,1991.0,173,3,1
1072,193500,59.9,2.0,2007.0,37,1,2
1073,195000,59.99,10.0,2007.0,37,1,2
1074,72600,29.75,4.0,2017.0,1057,1,3
1075,40000,59.73,3.0,2002.0,19,1,2
1076,250000,244.25,,2016.0,1057,1,3
1077,162000,59.96,5.0,2000.0,522,5,5
1078,178000,48.69,1.0,1983.0,778,2,7
1079,23500,18.48,11.0,2021.0,77,0,0
1080,160000,59.91,23.0,2003.0,522,5,5
1081,128000,80.89,2.0,2004.0,1057,1,3
1082,70500,27.56,3.0,2017.0,1057,1,3
1083,70500,27.56,5.0,2017.0,1057,1,3
1084,141000,27.56,4.0,2017.0,1057,1,3
1085,94000,29.81,4.0,2017.0,1057,1,3
1086,74850,29.82,6.0,2017.0,1057,1,3
1087,72600,29.77,5.0,2017.0,1057,1,3
1088,72600,29.8,4.0,2017.0,1057,1,3
1089,72600,29.8,3.0,2017.0,1057,1,3
1090,72600,29.83,3.0,2017.0,1057,1,3
1091,80250,29.85,6.0,2017.0,1057,1,3
1092,72600,29.99,4.0,2017.0,1057,1,3
1093,235000,104.41,6.0,1990.0,92,2,4
1094,127000,59.94,16.0,1998.0,155,1,4
1095,39500,29.687,6.0,2016.0,1057,1,3
1096,52635,29.94,2.0,2017.0,1057,1,3
1097,52635,29.99,2.0,2017.0,1057,1,3
1098,54900,28.23,2.0,2017.0,1057,1,3
1099,59900,29.59,2.0,2017.0,1057,1,3
1100,100000,59.97,12.0,1995.0,522,5,5
1101,100000,59.97,12.0,1995.0,522,5,5
1102,52635,28.14,2.0,2017.0,1057,1,3
1103,52635,29.07,2.0,2017.0,1057,1,3
1104,52635,29.78,2.0,2017.0,1057,1,3
1105,72600,29.83,4.0,2017.0,1057,1,3
1106,72600,29.8,3.0,2017.0,1057,1,3
1107,72600,29.8,4.0,2017.0,1057,1,3
1108,77600,29.78,6.0,2017.0,1057,1,3
1109,72600,29.77,6.0,2017.0,1057,1,3
1110,72600,29.98,6.0,2017.0,1057,1,3
1111,94000,29.81,5.0,2017.0,1057,1,3
1112,98600,29.33,6.0,2017.0,1057,1,3
1113,59000,67.9,2.0,2003.0,53,0,0
1114,126500,87.02,7.0,2004.0,1057,1,3
1115,54900,29.75,2.0,2017.0,1057,1,3
1116,77100,29.99,6.0,2017.0,1057,1,3
1117,133000,59.97,9.0,1996.0,19,1,2
1118,72600,29.99,3.0,2017.0,1057,1,3
1119,87250,29.85,5.0,2017.0,1057,1,3
1120,92000,74.95,4.0,2009.0,155,1,4
1121,53000,15.3,5.0,2023.0,173,3,1
1122,48000,39.15,9.0,2004.0,778,2,7
1123,90710,29.2,3.0,2017.0,1057,1,3
1124,70500,29.2,5.0,2017.0,1057,1,3
1125,72600,28.47,6.0,2017.0,1057,1,3
1126,70500,27.47,5.0,2017.0,1057,1,3
1127,141000,27.47,3.0,2017.0,1057,1,3
1128,70500,27.47,4.0,2017.0,1057,1,3
1129,70500,27.16,4.0,2017.0,1057,1,3
1130,70500,27.16,3.0,2017.0,1057,1,3
1131,94000,27.16,5.0,2017.0,1057,1,3
1132,54900,29.04,2.0,2017.0,1057,1,3
1133,126500,87.02,7.0,2004.0,1057,1,3
1134,54900,29.53,2.0,2017.0,1057,1,3
1135,17300,26.67,8.0,2004.0,778,2,7
1136,52635,29.25,2.0,2017.0,1057,1,3
1137,153000,84.93,10.0,1996.0,155,1,4
1138,141000,84.645,10.0,1999.0,1057,1,3
1139,164500,59.96,7.0,2000.0,522,5,5
1140,274000,59.93,25.0,2024.0,778,2,7
1141,48000,33.63,1.0,1992.0,37,1,2
1142,180000,178.02,,1991.0,75,0,1
1143,183000,114.62,19.0,2000.0,522,5,5
1144,129000,59.4,10.0,2001.0,126,1,3
1145,133000,59.97,9.0,1996.0,19,1,2
1146,19400,27.54,7.0,2005.0,126,1,3
1147,45000,34.85,-1.0,1994.0,37,1,2
1148,228000,114.32,2.0,2012.0,36,0,1
1149,108500,84.94,7.0,2005.0,47,0,0
1150,49000,46.08,4.0,1996.0,77,0,0
1151,180000,84.45,8.0,2001.0,37,1,2
1152,184000,84.74,2.0,1986.0,92,2,4
1153,15000,24.84,11.0,2004.0,522,5,5
1154,169000,59.98,17.0,2003.0,19,1,2
1155,95500,59.83,6.0,2000.0,75,0,1
1156,130000,84.675,10.0,1996.0,126,1,3
1157,86000,84.8,1.0,2000.0,36,1,4
1158,226500,59.88,7.0,2016.0,92,2,4
1159,135000,58.32,12.0,1999.0,778,2,7
1160,80000,58.23,1.0,1989.0,778,2,7
1161,134000,40.94,15.0,2016.0,126,1,3
1162,14600,18.33,7.0,2013.0,1057,1,3
1163,74000,59.49,4.0,1999.0,1057,1,3
1164,35000,26.42,4.0,2017.0,778,2,7
1165,44000,40.49,5.0,2018.0,47,0,0
1166,180000,84.74,1.0,1986.0,92,2,4
1167,163000,114.63,9.0,2001.0,126,1,3
1168,80000,58.23,1.0,1989.0,778,2,7
1169,113500,84.945,9.0,2000.0,75,0,1
1170,55000,19.88,3.0,2023.0,173,3,1
1171,46000,59.46,2.0,1993.0,19,1,2
1172,188000,114.62,2.0,2000.0,522,5,5
1173,165000,59.96,10.0,2000.0,522,5,5
1174,83500,83.64,6.0,2003.0,522,5,5
1175,82000,36.51,1.0,1990.0,778,2,7
1176,223500,59.91,13.0,2016.0,92,2,4
1177,25000,33.45,14.0,1998.0,1057,1,3
1178,118500,84.545,3.0,1995.0,173,3,1
1179,115500,59.79,1.0,2001.0,126,1,3
1180,124000,37.19,-1.0,1992.0,53,0,0
1181,157000,84.91,16.0,1999.0,778,2,7
1182,179000,59.99,13.0,2009.0,522,5,5
1183,141000,84.91,24.0,1998.0,155,1,4
1184,150000,134.79,22.0,1998.0,155,1,4
1185,86700,56.91,3.0,1990.0,37,1,2
1186,227000,101.995,18.0,2003.0,1057,1,3
1187,415737,224.19,,1987.0,37,1,2
1188,169000,84.82,3.0,2001.0,37,1,2
1189,242174,132.36,,1971.0,37,1,2
1190,301596,124.39,,1969.0,37,1,2
1191,178919,66.12,,1981.0,37,1,2
1192,208543,42.91,,1973.0,37,1,2
1193,199000,84.96,4.0,2015.0,126,1,3
1194,162547,39.67,,1957.0,37,1,2
1195,38000,47.94,2.0,2006.0,37,1,2
1196,205000,84.015,2.0,2000.0,778,2,7
1197,415737,224.19,,1987.0,37,1,2
1198,224380,139.08,,1992.0,37,1,2
1199,242174,132.36,,1971.0,37,1,2
1200,301596,124.39,,1969.0,37,1,2
1201,178919,66.12,,1981.0,37,1,2
1202,208543,42.91,,1973.0,37,1,2
1203,162547,39.67,,1957.0,37,1,2
1204,115000,84.495,1.0,1996.0,126,1,3
1205,124000,89.81,3.0,2004.0,1057,1,3
1206,163500,59.97,14.0,1994.0,53,0,0
1207,51000,80.96,3.0,1996.0,53,0,0
1208,145000,75.2,7.0,1989.0,126,1,3
1209,75000,36.66,-1.0,1990.0,778,2,7
1210,142000,48.47,2.0,1986.0,53,0,0
1211,160000,84.92,7.0,1997.0,92,2,4
1212,129500,59.79,13.0,2001.0,126,1,3
1213,222000,117.18,3.0,2012.0,36,0,1
1214,137500,44.07,4.0,1997.0,53,0,0
1215,19500,30.81,15.0,2003.0,14,0,0
1216,149000,59.851,2.0,2016.0,126,1,3
1217,21500,18.63,6.0,2020.0,77,0,0
1218,38000,33.36,3.0,1995.0,37,1,2
1219,143000,112.26,13.0,2001.0,126,1,3
1220,163500,59.9,5.0,2001.0,37,1,2
1221,64000,36.56,3.0,2002.0,522,5,5
1222,145000,84.91,22.0,1998.0,155,1,4
1223,167000,59.96,8.0,2000.0,522,5,5
1224,153000,59.96,5.0,2000.0,522,5,5
1225,180000,84.71,7.0,2001.0,37,1,2
1226,143000,112.26,13.0,2001.0,126,1,3
1227,250000,89.19,2.0,1982.0,92,2,4
1228,54000,16.27,4.0,2023.0,173,3,1
1229,228500,59.25,6.0,2012.0,92,2,4
1230,74000,78.64,4.0,2005.0,778,2,7
1231,193000,84.74,7.0,1986.0,92,2,4
1232,228500,59.25,6.0,2012.0,92,2,4
1233,134500,59.94,23.0,1998.0,155,1,4
1234,146000,64.23,3.0,2003.0,1057,1,3
1235,130000,84.675,4.0,1996.0,126,1,3
1236,83000,84.88,18.0,2000.0,36,1,4
1237,77000,59.49,18.0,1999.0,1057,1,3
1238,40000,35.43,1.0,1995.0,37,1,2
1239,122000,58.32,1.0,1999.0,778,2,7
1240,24000,26.93,2.0,2017.0,1057,1,3
1241,26000,29.54,3.0,2004.0,92,2,4
1242,55000,55.3,4.0,2003.0,778,2,7
1243,121500,83.35,12.0,2014.0,1057,1,3
1244,184000,59.7,1.0,1999.0,92,2,4
1245,71000,60.4,3.0,2017.0,155,1,4
1246,235000,113.71,2.0,1986.0,19,1,2
1247,160000,59.95,11.0,2001.0,37,1,2
1248,89000,71.85,7.0,1989.0,36,1,4
1249,61000,23.49,3.0,2023.0,173,3,1
1250,200000,59.7,12.0,1999.0,92,2,4
1251,160500,59.97,11.0,1994.0,53,0,0
1252,62000,26.01,3.0,2023.0,173,3,1
1253,213000,75.51,14.0,1986.0,19,1,2
1254,159750,59.96,3.0,2000.0,522,5,5
1255,166000,59.9,15.0,2001.0,37,1,2
1256,170000,84.82,11.0,2001.0,37,1,2
1257,55000,42.14,4.0,2002.0,778,2,7
1258,55000,59.57,2.0,1999.0,53,0,0
1259,131000,40.94,8.0,2016.0,126,1,3
1260,200000,114.67,13.0,2001.0,37,1,2
1261,222000,117.18,7.0,2012.0,36,0,1
1262,160000,59.91,9.0,1990.0,19,1,2
1263,255000,84.3,14.0,2016.0,92,2,4
1264,200000,425.42,,1997.0,47,0,0
1265,760000,494.56,,1991.0,1057,1,3
1266,760000,494.56,,1991.0,1057,1,3
1267,192000,84.96,3.0,2015.0,126,1,3
1268,160000,59.91,9.0,1990.0,19,1,2
1269,57000,56.2,2.0,2016.0,75,0,1
1270,25000,29.97,6.0,2002.0,37,1,2
1271,60000,29.98,5.0,2023.0,173,3,1
1272,14000,30.0,-1.0,1995.0,37,1,2
1273,9500,23.59,4.0,1991.0,173,3,1
1274,18650,27.54,4.0,2005.0,126,1,3
1275,12700,21.9,11.0,2016.0,173,3,1
1276,181000,79.8,11.0,1990.0,19,1,2
1277,178500,84.979,3.0,2012.0,53,0,0
1278,212000,84.92,10.0,2015.0,126,1,3
1279,193500,59.95,24.0,2016.0,126,1,3
1280,49500,30.26,1.0,1992.0,37,1,2
1281,145000,59.507,9.0,2023.0,37,1,2
1282,230000,122.01,13.0,1998.0,522,5,5
1283,139000,84.87,7.0,2009.0,75,0,1
1284,25000,19.84,5.0,2022.0,77,0,0
1285,72000,73.38,,1978.0,75,0,1
1286,181500,81.48,8.0,1994.0,778,2,7
1287,755000,389.17,,1990.0,778,2,7
1288,200000,84.96,11.0,2001.0,37,1,2
1289,149500,59.96,1.0,2000.0,522,5,5
1290,118000,95.54,4.0,2004.0,92,2,4
1291,151000,59.936,7.0,2004.0,126,1,3
1292,178000,84.82,2.0,2001.0,37,1,2
1293,196000,114.62,23.0,2000.0,522,5,5
1294,145000,84.81,11.0,1996.0,19,1,2
1295,180000,59.94,8.0,2016.0,126,1,3
1296,15850,24.84,11.0,2004.0,522,5,5
1297,112900,54.58,2.0,1987.0,37,1,2
1298,112800,54.58,-1.0,1987.0,37,1,2
1299,89500,41.55,1.0,1987.0,37,1,2
1300,100000,41.55,2.0,1987.0,37,1,2
1301,90000,63.51,2.0,2002.0,37,1,2
1302,98000,34.86,3.0,1992.0,37,1,2
1303,98000,34.86,1.0,1992.0,37,1,2
1304,105600,55.72,2.0,2016.0,37,1,2
1305,28000,56.25,4.0,1999.0,37,1,2
1306,95000,45.96,3.0,2016.0,37,1,2
1307,95000,49.25,4.0,2016.0,37,1,2
1308,93000,71.9,4.0,2004.0,37,1,2
1309,78600,71.9,4.0,2004.0,37,1,2
1310,62000,56.54,3.0,2004.0,37,1,2
1311,180000,84.82,7.0,2001.0,37,1,2
1312,293000,90.54,,1971.0,37,1,2
1313,353000,97.65,,1971.0,37,1,2
1314,185000,97.79,,1976.0,37,1,2
1315,236000,108.96,,1989.0,37,1,2
1316,279000,125.8,,2001.0,1057,1,3
1317,290000,49.19,,1971.0,37,1,2
1318,240800,135.36,,1993.0,37,1,2
1319,134310,34.08,,1985.0,37,1,2
1320,197700,147.26,,1994.0,37,1,2
1321,109000,33.19,,1977.0,53,0,0
1322,138000,29.3,,1960.0,37,1,2
1323,296600,170.15,,1991.0,37,1,2
1324,105000,170.26,,1991.0,75,0,1
1325,328800,180.44,,1992.0,37,1,2
1326,360000,202.23,,2002.0,37,1,2
1327,400700,224.25,,1990.0,37,1,2
1328,475000,241.02,,1992.0,37,1,2
1329,500000,248.3,,1991.0,37,1,2
1330,15850,24.84,11.0,2004.0,522,5,5
1331,53300,25.34,5.0,2025.0,173,3,1
1332,73000,47.83,5.0,2007.0,37,1,2
1333,141000,80.89,2.0,2007.0,37,1,2
1334,117280,81.01,2.0,2007.0,37,1,2
1335,61500,26.3,2.0,2023.0,173,3,1
1336,210000,59.983,11.0,2019.0,37,1,2
1337,150000,84.99,1.0,1994.0,53,0,0
1338,113000,84.545,2.0,1995.0,173,3,1
1339,69000,62.13,3.0,2017.0,155,1,4
1340,69000,62.13,4.0,2017.0,155,1,4
1341,159500,84.97,12.0,2006.0,155,1,4
1342,54700,19.01,2.0,2023.0,173,3,1
1343,160000,99.34,3.0,1987.0,92,2,4
1344,237000,84.21,4.0,1994.0,778,2,7
1345,40000,52.98,3.0,2001.0,53,0,0
1346,181500,114.32,12.0,1997.0,92,2,4
1347,160000,59.95,10.0,2001.0,37,1,2
1348,196000,114.62,5.0,2000.0,522,5,5
1349,163500,59.97,9.0,1994.0,53,0,0
1350,29000,18.58,4.0,2003.0,36,1,4
1351,30000,19.35,5.0,2003.0,36,1,4
1352,96000,84.97,2.0,1999.0,778,2,7
1353,127000,84.495,12.0,1996.0,126,1,3
1354,330000,91.54,,1970.0,1057,1,3
1355,62000,26.3,2.0,2023.0,173,3,1
1356,110000,57.16,2.0,2003.0,92,2,4
1357,177500,84.82,7.0,2001.0,37,1,2
1358,83000,170.51,,1988.0,126,1,3
1359,174000,59.95,12.0,2001.0,37,1,2
1360,138000,26.4,2.0,2019.0,53,0,0
1361,93000,59.83,5.0,2000.0,75,0,1
1362,170000,57.78,7.0,1986.0,92,2,4
1363,154400,60.12,5.0,1996.0,53,0,0
1364,28700,23.61,12.0,2017.0,77,0,0
1365,220000,84.99,13.0,2012.0,36,0,1
1366,147000,58.32,2.0,1999.0,778,2,7
1367,249000,84.81,4.0,2012.0,92,2,4
1368,169000,59.96,14.0,2000.0,522,5,5
1369,228000,114.88,11.0,2001.0,19,1,2
1370,76800,51.96,2.0,2016.0,53,0,0
1371,193500,84.99,7.0,2017.0,126,1,3
1372,9600,27.04,-1.0,1995.0,53,0,0
1373,140000,59.97,11.0,1995.0,522,5,5
1374,16000,24.84,8.0,2004.0,522,5,5
1375,90000,63.81,4.0,1990.0,37,1,2
1376,180000,148.23,2.0,1986.0,92,2,4
1377,16000,24.84,8.0,2004.0,522,5,5
1378,172000,59.99,9.0,2009.0,522,5,5
1379,202500,84.92,11.0,2014.0,14,0,0
1380,30000,33.88,2.0,2012.0,53,0,0
1381,188000,84.71,2.0,2001.0,37,1,2
1382,40700,39.15,7.0,2004.0,778,2,7
1383,150000,112.26,21.0,2001.0,126,1,3
1384,150000,112.26,21.0,2001.0,126,1,3
1385,55000,44.83,4.0,2012.0,173,3,1
1386,353000,192.33,,1988.0,1057,1,3
1387,214500,59.93,19.0,2016.0,126,1,3
1388,353000,192.33,,1988.0,1057,1,3
1389,83000,36.48,3.0,1990.0,778,2,7
1390,167000,114.46,12.0,1996.0,126,1,3
1391,163500,59.97,9.0,1994.0,53,0,0
1392,19000,14.11,6.0,2015.0,155,1,4
1393,117000,219.38,,1993.0,92,2,4
1394,75000,81.46,4.0,2010.0,37,1,2
1395,42500,56.85,1.0,1994.0,37,1,2
1396,11950,21.95,7.0,2016.0,173,3,1
1397,80000,40.71,1.0,1988.0,37,1,2
1398,178500,59.966,3.0,2012.0,53,0,0
1399,108500,84.945,2.0,2000.0,75,0,1
1400,17700,27.6,7.0,2004.0,522,5,5
1401,164000,59.96,4.0,2000.0,522,5,5
1402,290000,113.52,2.0,2012.0,92,2,4
1403,290000,113.52,2.0,2012.0,92,2,4
1404,950000,135.0,,1970.0,1057,1,3
1405,135000,80.89,10.0,2004.0,1057,1,3
1406,249000,62.08,3.0,1978.0,1057,1,3
1407,950000,135.0,,1970.0,1057,1,3
1408,175000,58.71,5.0,2003.0,1057,1,3
1409,147000,64.23,4.0,2003.0,1057,1,3
1410,50000,25.09,2.0,2023.0,173,3,1
1411,290000,84.952,7.0,2002.0,778,2,7
1412,190000,84.99,7.0,2017.0,126,1,3
1413,15000,18.33,6.0,2013.0,1057,1,3
1414,226000,117.174,2.0,2003.0,1057,1,3
1415,27500,28.49,3.0,2014.0,47,0,0
1416,102000,119.32,,1990.0,37,1,2
1417,226000,117.174,2.0,2003.0,1057,1,3
1418,205000,59.7,12.0,1999.0,92,2,4
1419,13500,21.9,6.0,2016.0,173,3,1
1420,17000,14.36,4.0,2003.0,36,1,4
1421,360000,324.54,,1993.0,1057,1,3
1422,293000,129.63,,1992.0,1057,1,3
1423,18500,30.81,11.0,2003.0,14,0,0
1424,158000,84.53,1.0,1989.0,19,1,2
1425,15000,18.33,2.0,2013.0,1057,1,3
1426,46000,27.85,6.0,2017.0,1057,1,3
1427,96000,61.26,,1974.0,173,3,1
1428,680000,135.21,,1978.0,778,2,7
1429,140000,84.71,7.0,2004.0,155,1,4
1430,55000,22.34,5.0,2025.0,173,3,1
1431,137500,84.71,16.0,2004.0,155,1,4
1432,239000,142.26,9.0,1986.0,92,2,4
1433,207000,165.29,,1982.0,53,0,0
1434,207000,165.29,,1982.0,53,0,0
1435,13500,18.76,3.0,2012.0,1057,1,3
1436,164000,59.9,5.0,2001.0,37,1,2
1437,115000,84.495,1.0,1996.0,126,1,3
1438,128500,59.91,26.0,1998.0,155,1,4
1439,34500,35.36,-1.0,1995.0,37,1,2
1440,45000,35.36,1.0,1995.0,37,1,2
1441,49000,33.24,3.0,1998.0,37,1,2
1442,12400,21.9,6.0,2016.0,173,3,1
1443,55000,21.51,3.0,2023.0,173,3,1
1444,51700,55.61,1.0,2000.0,19,1,2
1445,167500,84.82,3.0,2001.0,37,1,2
1446,59800,27.87,3.0,2021.0,173,3,1
1447,30400,16.8,9.0,,778,2,7
1448,132020,78.935,2.0,0.0,173,3,1
1449,37000,16.8,9.0,,778,2,7
1450,30400,16.8,9.0,,778,2,7
1451,208000,114.33,7.0,2011.0,522,5,5
1452,159000,59.99,8.0,2005.0,53,0,0
1453,165000,59.9,5.0,2001.0,37,1,2
1454,200000,114.57,14.0,2001.0,37,1,2
1455,14000,23.42,6.0,2011.0,126,1,3
1456,19200,20.35,4.0,2018.0,77,0,0
1457,52500,49.09,3.0,2006.0,53,0,0
1458,194500,114.94,14.0,2000.0,522,5,5
1459,37950,43.41,4.0,2015.0,778,2,7
1460,36000,16.72,4.0,2012.0,173,3,1
1461,94000,112.18,,1988.0,37,1,2
1462,290000,286.75,,1994.0,778,2,7
1463,290000,286.75,,1994.0,778,2,7
1464,27000,18.39,7.0,2022.0,77,0,0
1465,143870,40.94,26.0,2016.0,126,1,3
1466,166500,84.417,14.0,2004.0,126,1,3
1467,190000,79.8,2.0,1990.0,19,1,2
1468,171000,59.94,6.0,2003.0,522,5,5
1469,36828,34.78,3.0,2023.0,173,3,1
1470,37039,34.98,5.0,2023.0,173,3,1
1471,37326,34.78,7.0,2023.0,173,3,1
1472,37411,34.98,9.0,2023.0,173,3,1
1473,37675,34.98,9.0,2023.0,173,3,1
1474,37077,34.78,5.0,2023.0,173,3,1
1475,37698,34.78,13.0,2023.0,173,3,1
1476,37291,34.98,8.0,2023.0,173,3,1
1477,37543,34.98,8.0,2023.0,173,3,1
1478,37675,34.98,12.0,2023.0,173,3,1
1479,37291,34.98,7.0,2023.0,173,3,1
1480,37543,34.98,7.0,2023.0,173,3,1
1481,37159,34.98,6.0,2023.0,173,3,1
1482,37676,34.98,14.0,2023.0,173,3,1
1483,37039,34.98,3.0,2023.0,173,3,1
1484,37423,34.98,6.0,2023.0,173,3,1
1485,37675,34.98,11.0,2023.0,173,3,1
1486,37209,34.78,6.0,2023.0,173,3,1
1487,37326,34.78,8.0,2023.0,173,3,1
1488,37543,34.98,10.0,2023.0,173,3,1
1489,36790,34.98,3.0,2023.0,173,3,1
1490,36945,34.78,4.0,2023.0,173,3,1
1491,37159,34.98,4.0,2023.0,173,3,1
1492,36922,34.98,4.0,2023.0,173,3,1
1493,37291,34.98,5.0,2023.0,173,3,1
1494,249000,84.767,6.0,2004.0,92,2,4
1495,173000,59.916,6.0,2012.0,53,0,0
1496,271500,84.86,7.0,1998.0,92,2,4
1497,36000,29.78,2.0,,778,2,7
1498,131000,84.96,21.0,2001.0,126,1,3
1499,162800,59.9,3.0,2001.0,37,1,2
1500,329000,149.39,2.0,1982.0,92,2,4
1501,168700,164.86,20.0,1998.0,155,1,4
1502,119000,57.16,9.0,2003.0,92,2,4
1503,131000,40.94,26.0,2016.0,126,1,3
1504,54700,19.01,2.0,2023.0,173,3,1
1505,135000,124.57,,1973.0,75,0,1
1506,63500,166.05,,1993.0,126,1,3
1507,1500000,223.34,,1969.0,1057,1,3
1508,370000,249.95,,1984.0,778,2,7
1509,155000,84.67,6.0,2004.0,778,2,7
1510,370000,249.95,,1984.0,778,2,7
1511,40000,45.52,3.0,1994.0,19,1,2
1512,97000,71.34,7.0,2006.0,77,0,0
1513,213000,443.99,,1992.0,77,0,0
1514,35000,41.6,1.0,1986.0,126,1,3
1515,155000,59.902,25.0,0.0,173,3,1
1516,155000,59.902,25.0,0.0,173,3,1
1517,203000,78.935,15.0,0.0,173,3,1
1518,50000,34.85,3.0,1994.0,37,1,2
1519,35000,44.14,2.0,1995.0,19,1,2
1520,180000,59.13,10.0,1990.0,778,2,7
1521,192000,59.76,14.0,1997.0,778,2,7
1522,186000,59.7,1.0,1999.0,92,2,4
1523,230000,84.822,10.0,1999.0,92,2,4
1524,150000,84.99,8.0,2003.0,37,1,2
1525,135500,25.328,20.0,2017.0,778,2,7
1526,25000,26.28,-1.0,1991.0,36,1,4
1527,40000,49.82,-1.0,1994.0,19,1,2
1528,209000,84.93,8.0,2014.0,14,0,0
1529,71000,32.04,9.0,,778,2,7
1530,164500,59.9,3.0,2001.0,37,1,2
1531,149900,84.33,5.0,2001.0,126,1,3
1532,147000,59.99,4.0,2005.0,53,0,0
1533,39800,39.15,5.0,2004.0,778,2,7
1534,39800,39.15,5.0,2004.0,778,2,7
1535,149500,59.97,6.0,1994.0,53,0,0
1536,760000,494.56,,1991.0,1057,1,3
1537,470000,344.03,,1988.0,778,2,7
1538,129000,59.94,14.0,1998.0,155,1,4
1539,188000,84.71,18.0,2000.0,522,5,5
1540,470000,344.03,,1988.0,778,2,7
1541,185000,84.99,6.0,2017.0,126,1,3
1542,221000,59.98,7.0,2016.0,36,0,1
1543,760000,494.56,,1991.0,1057,1,3
1544,120000,84.93,18.0,2006.0,77,0,0
1545,198000,84.838,7.0,2007.0,37,1,2
1546,120000,84.93,18.0,2006.0,77,0,0
1547,205000,59.98,11.0,2016.0,36,0,1
1548,200000,114.97,1.0,2003.0,522,5,5
1549,165000,84.94,8.0,1996.0,126,1,3
1550,185000,59.76,7.0,1997.0,778,2,7
1551,275000,114.8,6.0,2007.0,37,1,2
1552,16000,19.4,5.0,2012.0,1057,1,3
1553,148000,84.93,13.0,1986.0,155,1,4
1554,179500,84.82,3.0,2001.0,37,1,2
1555,163000,59.9,12.0,2001.0,37,1,2
1556,92000,72.84,12.0,1986.0,155,1,4
1557,179500,84.82,3.0,2001.0,37,1,2
1558,59000,48.93,-1.0,1986.0,37,1,2
1559,54000,29.84,3.0,2012.0,173,3,1
1560,109000,59.94,16.0,1997.0,522,5,5
1561,210000,81.567,17.0,2003.0,1057,1,3
1562,314500,134.13,7.0,2012.0,92,2,4
1563,190500,84.71,12.0,2000.0,522,5,5
1564,124700,110.08,13.0,2000.0,75,0,1
1565,276500,144.86,,1974.0,19,1,2
1566,169000,84.99,11.0,1995.0,522,5,5
1567,123500,59.97,1.0,1995.0,522,5,5
1568,32200,60.82,12.0,2006.0,173,3,1
1569,163000,59.9,8.0,2001.0,37,1,2
1570,330000,84.6,9.0,1995.0,1057,1,3
1571,58500,19.28,4.0,2023.0,173,3,1
1572,127500,194.28,,1993.0,173,3,1
1573,66000,105.04,,1991.0,53,0,0
1574,120000,59.94,6.0,1997.0,522,5,5
1575,49500,33.75,-1.0,1996.0,37,1,2
1576,127000,70.17,6.0,2006.0,1057,1,3
1577,70000,31.869,5.0,2023.0,522,5,5
1578,112000,59.94,1.0,1998.0,155,1,4
1579,159500,59.97,7.0,1994.0,53,0,0
1580,155000,59.83,8.0,1999.0,778,2,7
1581,177000,84.87,12.0,2000.0,522,5,5
1582,60000,43.71,2.0,2022.0,126,1,3
1583,630000,84.54,47.0,2017.0,778,2,7
1584,167000,59.94,6.0,2003.0,522,5,5
1585,60000,29.27,4.0,2022.0,36,1,4
1586,169500,59.99,7.0,2009.0,522,5,5
1587,179000,84.87,5.0,2000.0,522,5,5
1588,160000,59.96,15.0,2000.0,522,5,5
1589,210000,75.51,6.0,1986.0,19,1,2
1590,127500,59.4,4.0,2001.0,126,1,3
1591,154000,59.97,3.0,1994.0,53,0,0
1592,226000,59.25,3.0,2012.0,92,2,4
1593,177000,69.21,2.0,1990.0,778,2,7
1594,60000,29.27,4.0,2022.0,36,1,4
1595,111000,84.545,9.0,1995.0,173,3,1
1596,55000,51.18,5.0,2016.0,75,0,1
1597,140000,84.97,17.0,2001.0,126,1,3
1598,150000,136.66,,1973.0,75,0,1
1599,220000,84.925,1.0,2012.0,37,1,2
1600,16750,18.02,4.0,2012.0,1057,1,3
1601,35500,49.84,3.0,1986.0,126,1,3
1602,19000,13.72,10.0,2020.0,126,1,3
1603,54000,29.84,2.0,2012.0,173,3,1
1604,154000,84.22,10.0,1992.0,778,2,7
1605,101500,84.545,8.0,1995.0,173,3,1
1606,278000,114.55,29.0,2014.0,522,5,5
1607,15800,24.84,9.0,2003.0,1057,1,3
1608,188000,84.95,15.0,2003.0,522,5,5
1609,100000,123.22,,1972.0,75,0,1
1610,144500,114.46,6.0,1996.0,126,1,3
1611,155000,114.46,18.0,1996.0,126,1,3
1612,165000,114.46,13.0,1996.0,126,1,3
1613,14700,21.56,7.0,2011.0,126,1,3
1614,55000,19.88,2.0,2023.0,173,3,1
1615,150000,43.36,4.0,2015.0,53,0,0
1616,170000,114.96,4.0,1995.0,522,5,5
1617,190000,84.99,11.0,2009.0,522,5,5
1618,220000,84.88,8.0,2015.0,126,1,3
1619,54000,34.36,2.0,2012.0,173,3,1
1620,40000,38.61,-1.0,1988.0,522,5,5
1621,27850,41.2,-1.0,1994.0,53,0,0
1622,61500,29.74,2.0,2023.0,173,3,1
1623,146500,59.91,8.0,1989.0,19,1,2
1624,15400,12.46,3.0,2011.0,77,0,0
1625,148000,114.59,3.0,1989.0,126,1,3
1626,44500,54.49,4.0,2004.0,19,1,2
1627,141000,84.91,20.0,1998.0,155,1,4
1628,96000,51.64,4.0,1992.0,778,2,7
1629,133000,59.4,21.0,2001.0,126,1,3
1630,40000,102.6,,1993.0,36,0,1
1631,70000,59.94,9.0,2007.0,173,3,1
1632,262000,84.98,27.0,2018.0,522,5,5
1633,96000,51.64,4.0,1992.0,778,2,7
1634,134900,81.02,11.0,2004.0,1057,1,3
1635,119000,84.495,8.0,1996.0,126,1,3
1636,15000,18.33,2.0,2013.0,1057,1,3
1637,130000,59.97,7.0,1996.0,19,1,2
1638,152700,84.81,15.0,1996.0,19,1,2
1639,570000,206.0,,1986.0,1057,1,3
1640,99000,59.83,12.0,2000.0,75,0,1
1641,170000,59.96,21.0,2000.0,522,5,5
1642,209000,84.98,14.0,2003.0,778,2,7
1643,130000,59.97,7.0,1996.0,19,1,2
1644,164000,84.53,11.0,1989.0,19,1,2
1645,125000,59.91,12.0,1998.0,155,1,4
1646,170000,84.82,4.0,2001.0,37,1,2
1647,9800,26.95,5.0,1991.0,173,3,1
1648,9800,26.95,5.0,1991.0,173,3,1
1649,96000,59.83,11.0,2000.0,75,0,1
1650,154000,107.55,,1994.0,53,0,0
1651,175000,84.838,1.0,2007.0,37,1,2
1652,35500,29.28,11.0,2022.0,77,0,0
1653,160100,59.96,11.0,2000.0,522,5,5
1654,19800,20.64,5.0,2012.0,1057,1,3
1655,123000,84.71,16.0,2000.0,522,5,5
1656,16000,12.18,4.0,2011.0,77,0,0
1657,15900,12.24,3.0,2011.0,77,0,0
1658,170000,219.26,,1989.0,522,5,5
1659,41000,28.41,11.0,2022.0,77,0,0
1660,188000,81.22,2.0,1978.0,778,2,7
1661,123500,40.94,27.0,2016.0,126,1,3
1662,192500,72.52,7.0,2015.0,126,1,3
1663,130000,84.71,22.0,2004.0,155,1,4
1664,59000,44.28,2.0,2015.0,1057,1,3
1665,135000,84.01,2.0,2001.0,1057,1,3
1666,308000,144.39,,1970.0,1057,1,3
1667,440000,174.06,,1994.0,778,2,7
1668,149000,56.97,2.0,1994.0,778,2,7
1669,80000,70.78,3.0,2009.0,19,1,2
1670,16800,28.08,8.0,2003.0,1057,1,3
1671,249900,148.23,11.0,1986.0,92,2,4
1672,160000,84.92,13.0,1997.0,92,2,4
1673,220000,84.699,2.0,2011.0,92,2,4
1674,53000,73.43,1.0,2003.0,155,1,4
1675,54400,34.36,3.0,2012.0,173,3,1
1676,189000,84.98,10.0,2010.0,37,1,2
1677,55000,19.01,3.0,2023.0,173,3,1
1678,800000,580.32,,1995.0,1057,1,3
1679,163500,59.9,18.0,2001.0,37,1,2
1680,190000,114.57,13.0,2001.0,37,1,2
1681,275000,84.3,7.0,2016.0,92,2,4
1682,65200,59.02,3.0,2016.0,75,0,1
1683,170500,84.74,1.0,2011.0,522,5,5
1684,210000,59.98,18.0,2016.0,36,0,1
1685,200000,84.71,19.0,2001.0,37,1,2
1686,250000,126.66,5.0,1986.0,19,1,2
1687,188600,168.89,,1990.0,53,0,0
1688,800000,580.32,,1995.0,1057,1,3
1689,67000,49.06,4.0,2018.0,1057,1,3
1690,20000,18.06,2.0,2015.0,155,1,4
1691,443000,82.52,,1977.0,778,2,7
1692,480000,177.12,14.0,1982.0,92,2,4
1693,143800,84.93,18.0,1996.0,155,1,4
1694,80000,84.15,3.0,2004.0,173,3,1
1695,47000,48.19,5.0,2015.0,155,1,4
1696,217000,84.9,5.0,1990.0,92,2,4
1697,172500,59.76,16.0,2001.0,19,1,2
1698,154000,84.92,1.0,1997.0,92,2,4
1699,49500,58.43,3.0,2001.0,75,0,1
1700,24500,33.84,2.0,1997.0,37,1,2
1701,82800,71.85,14.0,1989.0,36,1,4
1702,30000,41.46,2.0,2000.0,37,1,2
1703,30000,41.46,2.0,2000.0,37,1,2
1704,618000,140.309,6.0,2017.0,778,2,7
1705,45000,29.81,3.0,2017.0,1057,1,3
1706,279000,114.666,9.0,1999.0,92,2,4
1707,264000,84.92,8.0,2016.0,92,2,4
1708,24500,55.761,11.0,1998.0,77,0,0
1709,27500,24.93,3.0,2004.0,36,1,4
1710,134500,84.87,2.0,2009.0,75,0,1
1711,45000,59.91,1.0,1993.0,19,1,2
1712,15000,18.33,2.0,2013.0,1057,1,3
1713,156000,59.96,12.0,2000.0,522,5,5
1714,156000,59.96,12.0,2000.0,522,5,5
1715,240000,157.29,21.0,2014.0,14,0,0
1716,222000,127.44,9.0,2014.0,14,0,0
1717,155000,59.97,9.0,1994.0,53,0,0
1718,149500,58.32,6.0,1999.0,778,2,7
1719,110000,203.29,,1993.0,53,0,0
1720,207000,84.721,4.0,2003.0,778,2,7
1721,45000,36.36,-1.0,1994.0,37,1,2
1722,130000,59.94,6.0,1997.0,1057,1,3
1723,13300,19.88,14.0,2016.0,173,3,1
1724,239000,84.87,9.0,2007.0,37,1,2
1725,204000,75.51,6.0,1986.0,19,1,2
1726,178000,84.71,4.0,2000.0,522,5,5
1727,20500,29.4,1.0,1998.0,37,1,2
1728,29250,60.59,4.0,2006.0,173,3,1
1729,35000,38.22,1.0,1994.0,19,1,2
1730,160000,59.96,12.0,2000.0,522,5,5
1731,205000,59.98,6.0,2016.0,36,0,1
1732,28500,23.61,15.0,2017.0,77,0,0
1733,19300,21.91,6.0,2006.0,522,5,5
1734,96500,59.83,15.0,2000.0,75,0,1
1735,109000,84.945,20.0,2000.0,75,0,1
1736,62000,25.09,2.0,2023.0,173,3,1
1737,16900,26.13,6.0,2004.0,778,2,7
1738,24500,29.43,7.0,2006.0,522,5,5
1739,62000,25.09,2.0,2023.0,173,3,1
1740,39000,32.24,-1.0,1993.0,37,1,2
1741,240000,59.78,3.0,2016.0,92,2,4
1742,377000,114.78,19.0,1998.0,92,2,4
1743,151000,84.93,12.0,1996.0,155,1,4
1744,26000,17.64,2.0,2004.0,36,1,4
1745,210000,84.71,19.0,2001.0,37,1,2
1746,17500,28.08,9.0,2003.0,1057,1,3
1747,150000,52.99,2.0,1993.0,53,0,0
1748,185000,84.82,8.0,2001.0,37,1,2
1749,185000,84.82,8.0,2001.0,37,1,2
1750,220000,59.4,13.0,1994.0,778,2,7
1751,28500,23.73,10.0,2020.0,173,3,1
1752,210000,84.71,19.0,2001.0,37,1,2
1753,152500,76.41,6.0,1995.0,522,5,5
1754,28500,23.73,10.0,2020.0,173,3,1
1755,220000,59.4,13.0,1994.0,778,2,7
1756,28500,23.73,10.0,2020.0,173,3,1
1757,17500,28.08,9.0,2003.0,1057,1,3
1758,62000,43.76,-1.0,1989.0,36,0,1
1759,212000,104.56,7.0,2003.0,1057,1,3
1760,202000,116.81,12.0,1994.0,53,0,0
1761,187500,84.45,9.0,2001.0,37,1,2
1762,26000,23.58,8.0,2017.0,77,0,0
1763,182000,84.95,17.0,2003.0,522,5,5
1764,548000,526.01,,1996.0,1057,1,3
1765,339000,143.09,,1970.0,1057,1,3
1766,130000,84.957,8.0,2009.0,126,1,3
1767,44300,59.63,4.0,2004.0,53,0,0
1768,28000,43.24,2.0,1997.0,37,1,2
1769,137000,59.507,11.0,2023.0,37,1,2
1770,39000,64.98,1.0,2003.0,522,5,5
1771,24900,29.54,2.0,2004.0,92,2,4
1772,26500,16.72,4.0,2012.0,173,3,1
1773,15000,22.82,4.0,2011.0,126,1,3
1774,80000,71.85,6.0,1989.0,36,1,4
1775,52800,36.27,3.0,2012.0,173,3,1
1776,52800,36.27,2.0,2012.0,173,3,1
1777,219000,59.97,3.0,2018.0,522,5,5
1778,245000,84.932,17.0,2019.0,37,1,2
1779,260000,148.23,12.0,1986.0,92,2,4
1780,208000,59.98,15.0,2016.0,36,0,1
1781,123800,59.97,5.0,1996.0,19,1,2
1782,26000,20.79,3.0,2004.0,36,1,4
1783,30500,24.84,2.0,2023.0,173,3,1
1784,15000,22.82,4.0,2011.0,126,1,3
1785,170000,85.0,4.0,2008.0,53,0,0
1786,15000,18.33,3.0,2013.0,1057,1,3
1787,125000,59.97,8.0,1996.0,19,1,2
1788,25246,14.21,5.0,2014.0,1057,1,3
1789,25246,14.21,4.0,2014.0,1057,1,3
1790,25246,14.21,3.0,2014.0,1057,1,3
1791,24944,14.04,3.0,2014.0,1057,1,3
1792,25246,14.21,2.0,2014.0,1057,1,3
1793,26383,14.85,5.0,2014.0,1057,1,3
1794,160000,84.897,7.0,2016.0,126,1,3
1795,26383,14.85,2.0,2014.0,1057,1,3
1796,24944,14.04,4.0,2014.0,1057,1,3
1797,24944,14.04,5.0,2014.0,1057,1,3
1798,26383,14.85,5.0,2014.0,1057,1,3
1799,24944,14.04,2.0,2014.0,1057,1,3
1800,26383,14.85,4.0,2014.0,1057,1,3
1801,26383,14.85,2.0,2014.0,1057,1,3
1802,26383,14.85,3.0,2014.0,1057,1,3
1803,30043,16.91,2.0,2014.0,1057,1,3
1804,30043,16.91,5.0,2014.0,1057,1,3
1805,30043,16.91,4.0,2014.0,1057,1,3
1806,26383,14.85,4.0,2014.0,1057,1,3
1807,30043,16.91,3.0,2014.0,1057,1,3
1808,207000,35.444,16.0,2017.0,778,2,7
1809,26383,14.85,3.0,2014.0,1057,1,3
1810,184200,329.73,,1997.0,522,5,5
1811,93000,148.98,,1986.0,36,0,1
1812,168000,37.02,,1972.0,53,0,0
1813,25000,31.4,3.0,2015.0,75,0,1
1814,194000,114.62,24.0,2000.0,522,5,5
1815,207000,35.444,16.0,2017.0,778,2,7
1816,24000,35.32,2.0,1995.0,37,1,2
1817,107100,79.08,13.0,1994.0,53,0,0
1818,680000,135.21,,1978.0,778,2,7
1819,185000,81.48,9.0,1994.0,778,2,7
1820,209500,64.95,5.0,2018.0,37,1,2
1821,680000,135.21,,1978.0,778,2,7
1822,197000,59.59,6.0,2016.0,126,1,3
1823,209000,59.95,25.0,2016.0,126,1,3
1824,197000,59.98,10.0,2016.0,36,0,1
1825,60000,49.45,3.0,1975.0,92,2,4
1826,19000,27.02,3.0,2003.0,778,2,7
1827,190000,84.9,1.0,1990.0,92,2,4
1828,188000,63.13,12.0,1990.0,92,2,4
1829,79000,75.72,2.0,1993.0,92,2,4
1830,24000,27.01,10.0,2004.0,92,2,4
1831,147000,84.81,12.0,1996.0,19,1,2
1832,130000,59.97,10.0,1996.0,19,1,2
1833,90000,75.48,4.0,2003.0,778,2,7
1834,189000,84.71,10.0,2001.0,37,1,2
1835,53700,21.38,2.0,2023.0,173,3,1
1836,80000,77.41,2.0,1984.0,155,1,4
1837,40000,28.425,3.0,2017.0,778,2,7
1838,150000,84.96,3.0,1995.0,522,5,5
1839,293000,129.63,,1992.0,1057,1,3
1840,98500,84.6,7.0,1999.0,1057,1,3
1841,122000,59.7,10.0,2004.0,155,1,4
1842,160000,84.92,19.0,1997.0,92,2,4
1843,64000,29.95,5.0,2023.0,126,1,3
1844,203000,81.567,13.0,2003.0,1057,1,3
1845,98500,84.6,7.0,1999.0,1057,1,3
1846,64000,29.95,5.0,2023.0,126,1,3
1847,17000,27.54,11.0,2005.0,126,1,3
1848,233000,84.822,9.0,1999.0,92,2,4
1849,180000,148.23,2.0,1986.0,92,2,4
1850,123500,59.91,28.0,1998.0,155,1,4
1851,110000,61.39,,1964.0,36,0,1
1852,180000,148.23,2.0,1986.0,92,2,4
1853,45000,50.4,4.0,1995.0,19,1,2
1854,160000,166.87,,1973.0,75,0,1
1855,160000,84.92,13.0,1997.0,92,2,4
1856,10100,26.25,6.0,1991.0,173,3,1
1857,148000,59.9,6.0,2001.0,37,1,2
1858,169000,59.81,9.0,2011.0,522,5,5
1859,108000,40.86,10.0,1986.0,155,1,4
1860,149500,84.93,4.0,1986.0,155,1,4
1861,325000,224.09,2.0,2004.0,92,2,4
1862,139000,134.79,4.0,1998.0,155,1,4
1863,132000,25.328,11.0,2017.0,778,2,7
1864,16300,18.36,5.0,2018.0,36,1,4
1865,110000,59.97,6.0,1996.0,19,1,2
1866,238000,84.77,28.0,2016.0,126,1,3
1867,144000,84.67,11.0,2004.0,778,2,7
1868,59000,53.97,6.0,2015.0,75,0,1
1869,123000,118.94,,1972.0,522,5,5
1870,248000,84.98,27.0,2016.0,126,1,3
1871,105000,84.99,9.0,2006.0,77,0,0
1872,20000,16.03,2.0,2003.0,36,1,4
1873,45000,36.53,1.0,1993.0,37,1,2
1874,123000,118.94,,1972.0,522,5,5
1875,119000,59.94,9.0,1998.0,155,1,4
1876,130000,84.87,4.0,2009.0,75,0,1
1877,173000,59.916,8.0,2012.0,53,0,0
1878,92000,59.52,2.0,2003.0,778,2,7
1879,185000,114.57,4.0,2001.0,37,1,2
1880,108000,60.0,14.0,1999.0,155,1,4
1881,54500,21.51,2.0,2023.0,173,3,1
1882,72000,60.4,10.0,2017.0,155,1,4
1883,135000,84.24,4.0,2006.0,1057,1,3
1884,21000,27.02,4.0,2003.0,778,2,7
1885,142000,51.91,17.0,2017.0,126,1,3
1886,60000,29.3,4.0,2016.0,53,0,0
1887,21500,27.01,3.0,2004.0,92,2,4
1888,38000,53.2,1.0,1998.0,19,1,2
1889,30600,28.98,1.0,1993.0,19,1,2
1890,35000,35.19,1.0,1994.0,19,1,2
1891,24500,33.75,3.0,1993.0,37,1,2
1892,152000,59.91,6.0,1990.0,19,1,2
1893,108000,84.971,9.0,2002.0,75,0,1
1894,179800,114.32,18.0,1997.0,92,2,4
1895,48000,29.94,6.0,2020.0,1057,1,3
1896,165000,59.76,10.0,2001.0,19,1,2
1897,120000,58.32,1.0,1999.0,778,2,7
1898,208000,110.58,,1973.0,1057,1,3
1899,114000,59.82,11.0,1999.0,1057,1,3
1900,40000,49.38,1.0,1996.0,37,1,2
1901,207000,114.97,4.0,2003.0,522,5,5
1902,161000,59.98,10.0,2003.0,19,1,2
1903,16300,28.08,4.0,2003.0,1057,1,3
1904,113500,59.94,6.0,1998.0,155,1,4
1905,29500,38.61,2.0,1986.0,77,0,0
1906,15200,18.33,6.0,2013.0,1057,1,3
1907,170000,84.82,6.0,2001.0,37,1,2
1908,22000,17.07,3.0,2003.0,36,1,4
1909,27500,24.93,2.0,2004.0,36,1,4
1910,90000,72.84,12.0,1986.0,155,1,4
1911,150000,59.96,9.0,2000.0,522,5,5
1912,202000,84.686,3.0,2003.0,1057,1,3
1913,142000,51.91,6.0,2017.0,126,1,3
1914,169800,84.82,1.0,2001.0,37,1,2
1915,235000,59.862,9.0,2012.0,37,1,2
1916,113000,84.495,3.0,1996.0,126,1,3
1917,139000,59.507,12.0,2023.0,37,1,2
1918,24000,23.32,7.0,2018.0,77,0,0
1919,164500,59.96,22.0,2000.0,522,5,5
1920,15200,25.74,12.0,2003.0,14,0,0
1921,44500,35.43,2.0,1995.0,37,1,2
1922,138000,193.62,,1988.0,522,5,5
1923,15700,24.84,7.0,2003.0,1057,1,3
1924,189000,114.62,4.0,2000.0,522,5,5
1925,120000,58.23,2.0,1989.0,778,2,7
1926,120000,58.23,2.0,1989.0,778,2,7
1927,120000,58.23,2.0,1989.0,778,2,7
1928,240000,113.71,8.0,1986.0,19,1,2
1929,19000,30.81,15.0,2003.0,14,0,0
1930,161500,59.96,14.0,2000.0,522,5,5
1931,29000,40.42,10.0,2009.0,77,0,0
1932,36000,36.99,3.0,2016.0,155,1,4
1933,167000,68.58,2.0,1986.0,92,2,4
1934,158000,84.897,14.0,2016.0,126,1,3
1935,42000,59.7,1.0,1997.0,37,1,2
1936,24000,23.32,9.0,2018.0,77,0,0
1937,165500,59.91,12.0,2003.0,522,5,5
1938,55000,52.67,2.0,1994.0,37,1,2
1939,45000,57.78,1.0,1995.0,19,1,2
1940,122000,59.97,8.0,1996.0,19,1,2
1941,106500,60.0,4.0,1999.0,155,1,4
1942,45000,57.78,1.0,1995.0,19,1,2
1943,578000,84.821,33.0,2017.0,778,2,7
1944,225000,59.88,4.0,2016.0,92,2,4
1945,225000,59.88,4.0,2016.0,92,2,4
1946,162500,59.81,3.0,2011.0,522,5,5
1947,30500,32.34,2.0,1998.0,19,1,2
1948,172000,68.58,13.0,1986.0,92,2,4
1949,56500,44.28,3.0,2015.0,1057,1,3
1950,95000,96.2,,1988.0,522,5,5
1951,101500,84.484,8.0,2022.0,75,0,1
1952,260000,84.96,25.0,2018.0,522,5,5
1953,16600,28.08,3.0,2003.0,1057,1,3
1954,16600,28.08,3.0,2003.0,1057,1,3
1955,70000,75.6,2.0,2003.0,778,2,7
1956,160000,79.8,8.0,1990.0,19,1,2
1957,166000,79.8,14.0,1990.0,19,1,2
1958,101500,84.484,8.0,2022.0,75,0,1
1959,129300,134.79,12.0,1998.0,155,1,4
1960,150000,53.56,5.0,2015.0,53,0,0
1961,22000,26.22,5.0,2006.0,522,5,5
1962,155000,84.97,15.0,2006.0,155,1,4
1963,293500,114.771,8.0,2012.0,37,1,2
1964,120000,152.1,,1986.0,75,0,1
1965,416500,296.58,,1996.0,1057,1,3
1966,80000,71.85,15.0,1989.0,36,1,4
1967,150000,84.96,1.0,2005.0,53,0,0
1968,68000,59.94,3.0,2007.0,173,3,1
1969,200000,59.95,7.0,2016.0,126,1,3
1970,270000,84.3,2.0,2016.0,92,2,4
1971,120000,40.94,27.0,2016.0,126,1,3
1972,130000,84.87,7.0,2009.0,75,0,1
1973,830000,659.67,,1991.0,1057,1,3
1974,410000,199.44,,1993.0,1057,1,3
1975,153000,79.8,1.0,1990.0,19,1,2
1976,50000,49.8,3.0,1992.0,37,1,2
1977,65000,84.945,16.0,2000.0,75,0,1
1978,40400,32.49,3.0,2014.0,522,5,5
1979,59500,56.93,2.0,1982.0,155,1,4
1980,234000,84.99,8.0,2016.0,126,1,3
1981,69000,142.56,,1983.0,77,0,0
1982,80000,48.93,,1960.0,126,1,3
1983,120000,152.37,,1988.0,126,1,3
1984,87000,85.17,,1972.0,75,0,1
1985,140000,84.73,10.0,1990.0,778,2,7
1986,54000,49.36,5.0,1996.0,37,1,2
1987,89000,65.22,,1973.0,173,3,1
1988,108700,84.74,16.0,2006.0,77,0,0
1989,56000,27.47,1.0,2023.0,173,3,1
1990,94500,83.453,3.0,2022.0,75,0,1
1991,58000,29.75,5.0,2022.0,173,3,1
1992,34000,33.57,1.0,1990.0,75,0,1
1993,58900,24.64,3.0,2022.0,173,3,1
1994,108000,84.97,16.0,2006.0,155,1,4
1995,43000,54.49,4.0,2004.0,19,1,2
1996,620000,139.04,,1971.0,1057,1,3
1997,122000,40.94,27.0,2016.0,126,1,3
1998,55000,24.42,5.0,2022.0,173,3,1
1999,165000,59.76,12.0,2001.0,19,1,2
2000,165000,59.76,12.0,2001.0,19,1,2
2001,210000,98.47,,1994.0,37,1,2
