"id","물건금액(만원)","건물면적","층","건축년도","건물용도","인허가_count","역사_ID_count","학교ID_count"
1,"26000","38.16","2","1993","연립다세대",19,1,2
2,"390000","208.25","","1990","단독다가구",778,2,7
3,"27500","33.45","9","1998","오피스텔",1057,1,3
4,"240000","84.99","24","2016","아파트",126,1,3
5,"223000","122.01","4","1998","아파트",522,5,5
6,"171000","59.97","4","2005","아파트",53,0,0
7,"101300","66.86","4","2002","연립다세대",19,1,2
8,"232000","59.91","17","2016","아파트",92,2,4
9,"16500","28.08","3","2003","오피스텔",1057,1,3
10,"141000","80.89","3","2007","연립다세대",37,1,2
11,"130000","67.24","4","2007","연립다세대",37,1,2
12,"193000","84.06","22","2014","아파트",522,5,5
13,"370700","127.98","","1971","단독다가구",37,1,2
14,"125000","54.98","3","2016","연립다세대",37,1,2
15,"91000","56.54","3","2004","연립다세대",37,1,2
16,"141000","54.58","2","1987","연립다세대",37,1,2
17,"207500","59.949","13","2019","아파트",37,1,2
18,"11400","20.21","3","2016","오피스텔",173,3,1
19,"32000","42.595","4","2002","오피스텔",37,1,2
20,"279050","84.99","3","0","아파트",778,2,7
21,"104000","59.21","11","2000","아파트",75,0,1
22,"28700","27.14","14","2017","오피스텔",126,1,3
23,"198000","163.08","","1987","단독다가구",53,0,0
24,"15800","25.74","11","2003","오피스텔",14,0,0
25,"60000","63.74","2","2004","오피스텔",778,2,7
26,"125000","59.79","2","2001","아파트",126,1,3
27,"138000","59.91","19","1998","아파트",155,1,4
28,"19300","27.54","12","2005","오피스텔",126,1,3
29,"152800","31.47","","1963","단독다가구",37,1,2
30,"194500","59.93","17","2016","아파트",126,1,3
31,"36000","36.48","2","2012","연립다세대",778,2,7
32,"10000","21.9","9","2016","오피스텔",173,3,1
33,"298000","59.67","6","2000","아파트",1057,1,3
34,"102000","84.8","13","2000","아파트",36,1,4
35,"73000","27.01","-1","2003","연립다세대",37,1,2
36,"170000","59.966","5","2012","아파트",53,0,0
37,"45000","39.15","5","2004","오피스텔",778,2,7
38,"171000","84.94","4","1996","아파트",126,1,3
39,"222000","84.92","17","2014","아파트",14,0,0
40,"222000","84.92","17","2014","아파트",14,0,0
41,"30000","40.24","4","2012","연립다세대",19,1,2
42,"22500","30.57","4","1992","연립다세대",37,1,2
43,"23000","28","7","2004","오피스텔",92,2,4
44,"190000","75.51","15","1986","아파트",19,1,2
45,"118000","84.038","12","2005","아파트",155,1,4
46,"156000","60.95","2","1997","연립다세대",53,0,0
47,"61000","22.21","3","2022","연립다세대",173,3,1
48,"95000","54.28","4","1992","연립다세대",778,2,7
49,"48000","49.82","2","1994","연립다세대",19,1,2
50,"90000","99.69","","1973","단독다가구",75,0,1
51,"228000","84.96","25","2015","아파트",126,1,3
52,"10500","26.95","7","1991","오피스텔",173,3,1
53,"64000","51.51","3","2014","연립다세대",47,0,0
54,"310000","658.48","","1996","단독다가구",126,1,3
55,"185000","84.99","15","1994","아파트",53,0,0
56,"156800","65.15","5","2002","연립다세대",53,0,0
57,"43000","29","8","2018","연립다세대",522,5,5
58,"23000","24.83","4","2019","연립다세대",36,1,4
59,"70000","59.18","11","2018","오피스텔",778,2,7
60,"208000","59.95","8","2016","아파트",126,1,3
61,"199500","59.7","14","1999","아파트",92,2,4
62,"19000","13.72","6","2020","아파트",126,1,3
63,"167000","59.96","25","2000","아파트",522,5,5
64,"920000","217.86","34","2011","아파트",778,2,7
65,"168000","84.94","19","1996","아파트",126,1,3
66,"219000","84.98","12","2003","아파트",1057,1,3
67,"191500","114.97","16","2003","아파트",522,5,5
68,"167000","171.36","","1989","단독다가구",75,0,1
69,"32000","28.87","4","2018","연립다세대",778,2,7
70,"181500","84.96","15","2016","아파트",126,1,3
71,"265000","53.47","","1969","단독다가구",1057,1,3
72,"234000","114.88","15","2001","아파트",19,1,2
73,"48000","47.66","4","1995","연립다세대",19,1,2
74,"20750","29","3","2005","오피스텔",778,2,7
75,"16800","28.08","8","2003","오피스텔",1057,1,3
76,"42000","59.96","-1","2001","연립다세대",37,1,2
77,"156000","114.46","2","1996","아파트",126,1,3
78,"269000","84.81","19","2012","아파트",92,2,4
79,"246000","84.87","12","2007","아파트",37,1,2
80,"208000","59.94","7","2016","아파트",126,1,3
81,"168000","59.68","3","2011","아파트",522,5,5
82,"180000","63.18","5","1986","아파트",19,1,2
83,"147000","59.97","10","1995","아파트",522,5,5
84,"162000","59.96","8","2000","아파트",522,5,5
85,"20000","27.01","5","2004","오피스텔",92,2,4
86,"128000","33.66","-1","1992","연립다세대",53,0,0
87,"12700","21.9","5","2016","오피스텔",173,3,1
88,"229000","84.96","20","2015","아파트",126,1,3
89,"174500","84.53","3","1989","아파트",19,1,2
90,"186500","59.99","12","2012","아파트",36,0,1
91,"149000","114.93","4","2001","아파트",126,1,3
92,"129000","60","10","1999","아파트",155,1,4
93,"150000","59.96","3","2000","아파트",522,5,5
94,"16000","47.683","17","1998","오피스텔",77,0,0
95,"168000","84.91","5","1999","아파트",778,2,7
96,"171000","59.94","11","2003","아파트",522,5,5
97,"207000","114.97","17","2003","아파트",522,5,5
98,"130000","84.945","14","2000","아파트",75,0,1
99,"165000","84.87","8","2000","아파트",522,5,5
100,"106000","84.98","12","2005","아파트",47,0,0
101,"16000","28.08","2","2003","오피스텔",1057,1,3
102,"150000","114.93","8","2001","아파트",126,1,3
103,"135000","84.981","3","2009","아파트",126,1,3
104,"195000","84.95","23","2003","아파트",522,5,5
105,"243000","84.77","26","2016","아파트",126,1,3
106,"133000","83.35","2","2014","아파트",1057,1,3
107,"155000","119.45","","1998","단독다가구",53,0,0
108,"149700","59.97","10","1995","아파트",522,5,5
109,"220000","194.92","","1971","단독다가구",75,0,1
110,"185000","300.32","","1988","단독다가구",75,0,1
111,"202852","59.95","19","0","아파트",778,2,7
112,"35500","34.71","5","2017","연립다세대",155,1,4
113,"245000","84.99","2","2016","아파트",126,1,3
114,"171000","114.666","15","1999","아파트",92,2,4
115,"1440000","424.62","","1975","단독다가구",1057,1,3
116,"156000","84.92","6","1997","아파트",92,2,4
117,"249000","84.96","9","2016","아파트",126,1,3
118,"12000","19.88","15","2016","오피스텔",173,3,1
119,"12000","20.21","15","2016","오피스텔",173,3,1
120,"31000","27.5","5","2018","연립다세대",155,1,4
121,"31700","21.81","5","2004","연립다세대",36,1,4
122,"200000","84.74","11","2011","아파트",522,5,5
123,"191000","59.99","2","2007","아파트",37,1,2
124,"800000","580.32","","1995","단독다가구",1057,1,3
125,"155000","51.94","13","2017","아파트",126,1,3
126,"180010","59.9","4","2001","아파트",778,2,7
127,"120000","84.417","13","2004","아파트",126,1,3
128,"83000","59.49","10","1999","아파트",1057,1,3
129,"43500","47.84","3","1991","연립다세대",36,1,4
130,"108000","84.8","19","2000","아파트",36,1,4
131,"148000","71.33","10","1996","아파트",126,1,3
132,"21200","27.01","12","2004","오피스텔",92,2,4
133,"55000","59.74","2","2002","연립다세대",19,1,2
134,"216000","59.94","16","2016","아파트",126,1,3
135,"175000","75.8","4","2002","연립다세대",53,0,0
136,"23500","68.43","2","1995","연립다세대",522,5,5
137,"147700","84.91","5","1998","아파트",155,1,4
138,"148000","71.33","4","1996","아파트",126,1,3
139,"122000","84.945","24","2000","아파트",75,0,1
140,"163000","59.96","25","2000","아파트",522,5,5
141,"94500","71.85","6","1989","아파트",36,1,4
142,"115000","123.28","","1988","단독다가구",126,1,3
143,"39800","28.39","6","2019","연립다세대",77,0,0
144,"22000","18.63","12","2020","오피스텔",77,0,0
145,"167000","59.99","20","2017","아파트",126,1,3
146,"25200","38.65","-1","1991","연립다세대",36,1,4
147,"175000","59.97","4","2005","아파트",53,0,0
148,"181000","114.32","8","1997","아파트",92,2,4
149,"65000","63.74","3","2004","오피스텔",778,2,7
150,"95000","51.64","1","1992","연립다세대",778,2,7
151,"160000","59.96","8","2000","아파트",522,5,5
152,"58000","37.44","","1985","단독다가구",53,0,0
153,"146500","59.94","5","1995","아파트",522,5,5
154,"162000","59.97","1","2001","아파트",37,1,2
155,"190500","84.71","4","2001","아파트",37,1,2
156,"125000","23.78","1","2017","연립다세대",53,0,0
157,"186000","59.97","21","2001","아파트",37,1,2
158,"56000","49.67","2","2008","연립다세대",778,2,7
159,"36000","39.15","4","2004","오피스텔",778,2,7
160,"36000","39.15","4","2004","오피스텔",778,2,7
161,"303000","56.1","3","2006","연립다세대",778,2,7
162,"148500","59.507","3","2023","아파트",37,1,2
163,"198000","59.93","16","2016","아파트",126,1,3
164,"157000","59.95","1","2001","아파트",37,1,2
165,"480000","177.12","9","1982","아파트",92,2,4
166,"143000","110.08","9","2000","아파트",75,0,1
167,"37000","23.9","","1985","단독다가구",155,1,4
168,"195000","84.96","10","2001","아파트",37,1,2
169,"20000","20.91","5","2012","연립다세대",778,2,7
170,"31500","30.93","7","2015","아파트",155,1,4
171,"39000","51.65","2","1996","연립다세대",92,2,4
172,"165000","114.46","9","1996","아파트",126,1,3
173,"101500","59.21","9","2000","아파트",75,0,1
174,"193000","84.95","9","2003","아파트",522,5,5
175,"230000","84.92","10","2014","아파트",14,0,0
176,"146000","58.32","4","1999","아파트",778,2,7
177,"143500","59.76","4","1996","아파트",155,1,4
178,"25000","22.1","5","2012","연립다세대",778,2,7
179,"98500","51.93","3","1992","연립다세대",778,2,7
180,"64000","29.51","5","2023","연립다세대",173,3,1
181,"65000","49.45","1","1975","아파트",37,1,2
182,"162000","59.96","13","2000","아파트",522,5,5
183,"158500","202.27","","1993","단독다가구",173,3,1
184,"122000","181.59","","1990","단독다가구",75,0,1
185,"198000","84.42","11","2001","아파트",19,1,2
186,"213000","217.4","","1993","단독다가구",53,0,0
187,"19000","21.91","5","2006","오피스텔",522,5,5
188,"61000","25.66","3","2024","연립다세대",173,3,1
189,"209000","84.97","15","2012","아파트",36,0,1
190,"167000","59.9","11","2001","아파트",37,1,2
191,"138600","195.37","","1992","단독다가구",75,0,1
192,"236500","84.77","10","2016","아파트",126,1,3
193,"16500","28.08","4","2003","오피스텔",1057,1,3
194,"135000","79.44","","1973","단독다가구",75,0,1
195,"209000","59.98","10","2016","아파트",36,0,1
196,"203000","59.983","2","2019","아파트",37,1,2
197,"130000","84.495","14","1996","아파트",126,1,3
198,"134000","59.94","17","1998","아파트",155,1,4
199,"465000","84.811","22","2017","아파트",778,2,7
200,"26000","17.76","2","2004","연립다세대",36,1,4
201,"175000","62.69","1","2002","연립다세대",53,0,0
202,"36500","65.01","11","2006","오피스텔",173,3,1
203,"209000","59.983","6","2019","아파트",37,1,2
204,"243000","116.22","7","2003","아파트",1057,1,3
205,"325000","108.82","22","2018","아파트",522,5,5
206,"243000","122.01","8","1998","아파트",522,5,5
207,"194000","84.82","20","2001","아파트",37,1,2
208,"177000","59.97","9","1994","아파트",53,0,0
209,"63000","58.56","2","1997","연립다세대",47,0,0
210,"250000","113.71","12","1986","아파트",19,1,2
211,"20000","18.78","4","2020","오피스텔",173,3,1
212,"189000","59.99","11","2012","아파트",36,0,1
213,"67000","35.86","2","2023","연립다세대",126,1,3
214,"290000","59.67","8","1994","아파트",1057,1,3
215,"146500","59.97","9","1995","아파트",522,5,5
216,"217500","104.56","8","2003","아파트",1057,1,3
217,"200000","75.37","1","1990","아파트",92,2,4
218,"44000","59.43","-1","1994","연립다세대",19,1,2
219,"250000","113.71","12","1986","아파트",19,1,2
220,"195000","84.95","11","2003","아파트",522,5,5
221,"191000","84.95","5","2003","아파트",522,5,5
222,"146000","84.99","12","2004","아파트",155,1,4
223,"182000","84.82","14","2001","아파트",37,1,2
224,"137500","59.4","9","2001","아파트",126,1,3
225,"18000","16.368","4","2018","오피스텔",522,5,5
226,"172000","59.97","9","2001","아파트",37,1,2
227,"40000","34.2","2","1990","연립다세대",36,1,4
228,"170000","95.99","","1991","단독다가구",53,0,0
229,"350000","56.97","1","1984","연립다세대",1057,1,3
230,"426000","177.12","4","1982","아파트",92,2,4
231,"115000","59.97","15","2006","아파트",155,1,4
232,"518000","199.35","","1993","단독다가구",778,2,7
233,"274000","84.96","34","2018","아파트",522,5,5
234,"56000","59.95","1","1994","연립다세대",19,1,2
235,"185000","114.57","3","2001","아파트",37,1,2
236,"208800","102.28","","1974","단독다가구",75,0,1
237,"171000","96.43","","1974","단독다가구",75,0,1
238,"148000","84.33","3","2001","아파트",126,1,3
239,"169000","59.966","2","2012","아파트",53,0,0
240,"166500","59.96","17","2000","아파트",522,5,5
241,"195000","59.885","6","2000","아파트",778,2,7
242,"266000","84.96","37","2018","아파트",522,5,5
243,"154500","114.46","1","1996","아파트",126,1,3
244,"185000","84.74","4","2011","아파트",522,5,5
245,"38000","42.91","5","2016","연립다세대",155,1,4
246,"27000","26.64","2","2014","연립다세대",155,1,4
247,"147200","84.91","15","1998","아파트",155,1,4
248,"192700","84.71","11","2000","아파트",522,5,5
249,"205000","71.05","5","1990","아파트",92,2,4
250,"14800","18.33","2","2013","오피스텔",1057,1,3
251,"36500","26.93","3","2017","연립다세대",47,0,0
252,"14500","22.82","13","2011","오피스텔",126,1,3
253,"290000","59.94","13","1994","아파트",1057,1,3
254,"167500","114.46","6","1996","아파트",126,1,3
255,"261500","84.96","11","2018","아파트",522,5,5
256,"169000","59.9","16","2001","아파트",37,1,2
257,"193800","84.838","6","2007","아파트",37,1,2
258,"124000","64.21","3","2009","아파트",75,0,1
259,"135000","59.97","14","1996","아파트",19,1,2
260,"199000","59.7","7","1999","아파트",92,2,4
261,"199000","59.7","7","1999","아파트",92,2,4
262,"226000","84.88","4","2015","아파트",126,1,3
263,"225000","59.25","9","2012","아파트",92,2,4
264,"39400","59.66","2","1999","연립다세대",37,1,2
265,"205000","84.97","11","2012","아파트",36,0,1
266,"184000","59.98","2","2012","아파트",36,0,1
267,"26700","43.05","7","2009","오피스텔",77,0,0
268,"171000","59.95","13","2001","아파트",37,1,2
269,"157000","134.79","9","1998","아파트",155,1,4
270,"90000","148.68","","1993","단독다가구",36,0,1
271,"292000","179.51","","1993","단독다가구",1057,1,3
272,"19000","30.32","11","2005","오피스텔",126,1,3
273,"177000","52.21","5","2003","연립다세대",19,1,2
274,"130000","59.94","10","1997","아파트",522,5,5
275,"145000","59.97","11","1995","아파트",522,5,5
276,"23000","35.32","3","1995","연립다세대",37,1,2
277,"57600","19.25","2","2026","연립다세대",173,3,1
278,"102500","59.21","5","2000","아파트",75,0,1
279,"174500","114.32","1","1997","아파트",92,2,4
280,"205000","75.51","12","1986","아파트",19,1,2
281,"20400","20.64","5","2012","연립다세대",1057,1,3
282,"140000","40.94","12","2016","아파트",126,1,3
283,"137500","114.93","1","2001","아파트",126,1,3
284,"140000","59.92","7","2006","아파트",37,1,2
285,"11000","21.95","14","2016","오피스텔",173,3,1
286,"206000","59.983","5","2019","아파트",37,1,2
287,"134200","36.09","1","1990","연립다세대",53,0,0
288,"29000","34.65","1","1991","연립다세대",92,2,4
289,"65000","43.04","3","1994","연립다세대",37,1,2
290,"65000","43.04","3","1994","연립다세대",37,1,2
291,"55000","29.3","3","2024","연립다세대",173,3,1
292,"230000","84.767","11","2004","아파트",92,2,4
293,"24000","16.38","8","2018","연립다세대",778,2,7
294,"50000","50.975","2","1995","연립다세대",36,0,1
295,"195000","84.71","24","2000","아파트",522,5,5
296,"195000","84.71","13","2000","아파트",522,5,5
297,"162500","59.96","5","2000","아파트",522,5,5
298,"137000","59.7","13","2004","아파트",155,1,4
299,"18100","14.5","5","2012","연립다세대",77,0,0
300,"18500","14.83","3","2012","연립다세대",77,0,0
301,"176000","134.97","6","1996","아파트",155,1,4
302,"217000","84.015","11","2000","아파트",778,2,7
303,"200000","84.83","13","2003","아파트",19,1,2
304,"215000","84.78","10","1997","아파트",778,2,7
305,"255000","84.982","19","2019","아파트",37,1,2
306,"213000","59.949","12","2019","아파트",37,1,2
307,"30000","38.13","1","1997","연립다세대",37,1,2
308,"177000","59.76","19","2001","아파트",19,1,2
309,"177000","59.76","19","2001","아파트",19,1,2
310,"31000","30.3","2","1996","연립다세대",19,1,2
311,"11500","21.9","5","2016","오피스텔",173,3,1
312,"125000","29.23","4","1994","연립다세대",53,0,0
313,"144500","84.91","5","1998","아파트",155,1,4
314,"19600","18.06","4","2015","아파트",155,1,4
315,"148000","114.93","9","2001","아파트",126,1,3
316,"155000","114.62","14","2000","아파트",522,5,5
317,"35000","28.49","3","2014","연립다세대",47,0,0
318,"67000","42.99","2","1992","연립다세대",37,1,2
319,"140000","59.76","18","1996","아파트",155,1,4
320,"158000","59.936","16","2004","아파트",126,1,3
321,"136000","84.97","2","2001","아파트",126,1,3
322,"34750","27.45","2","2014","연립다세대",47,0,0
323,"160000","59.96","11","2000","아파트",522,5,5
324,"234000","122.01","1","1998","아파트",522,5,5
325,"16200","16.52","5","2012","연립다세대",778,2,7
326,"313000","177.48","","1995","단독다가구",1057,1,3
327,"102000","33.95","","1966","단독다가구",37,1,2
328,"135000","39.12","3","1991","연립다세대",53,0,0
329,"29000","35.89","1","1999","연립다세대",37,1,2
330,"160000","114.46","11","1996","아파트",126,1,3
331,"180000","84.82","4","2001","아파트",37,1,2
332,"28500","28.49","5","2014","연립다세대",47,0,0
333,"32700","29.74","-1","1995","연립다세대",19,1,2
334,"40000","40.74","4","1995","연립다세대",19,1,2
335,"42000","29.98","2","2016","연립다세대",155,1,4
336,"91800","71.85","3","1989","아파트",36,1,4
337,"60000","23.11","2","2023","연립다세대",173,3,1
338,"205500","59.88","9","2015","아파트",126,1,3
339,"226000","84.96","23","2015","아파트",126,1,3
340,"218500","84.92","17","2014","아파트",14,0,0
341,"242000","157.29","9","2014","아파트",14,0,0
342,"233000","59.862","6","2012","아파트",37,1,2
343,"32700","29.74","-1","1995","연립다세대",19,1,2
344,"165500","59.76","6","2001","아파트",19,1,2
345,"210000","59.59","23","2016","아파트",126,1,3
346,"14800","18.33","3","2013","오피스텔",1057,1,3
347,"142000","59.936","7","2004","아파트",126,1,3
348,"175000","84.53","2","1989","아파트",19,1,2
349,"170000","59.98","21","2003","아파트",19,1,2
350,"22140","22.26","1","1994","연립다세대",19,1,2
351,"45000","16.45","5","2022","연립다세대",173,3,1
352,"142000","59.936","7","2004","아파트",126,1,3
353,"151000","84.33","8","2001","아파트",126,1,3
354,"120000","57.16","8","2003","아파트",92,2,4
355,"273000","96.18","2","1983","아파트",778,2,7
356,"265500","84.96","32","2018","아파트",522,5,5
357,"355000","108.82","30","2018","아파트",522,5,5
358,"28300","27.45","4","2014","연립다세대",47,0,0
359,"14800","18.33","6","2013","오피스텔",1057,1,3
360,"14800","18.33","5","2013","오피스텔",1057,1,3
361,"14800","18.33","2","2013","오피스텔",1057,1,3
362,"14800","18.33","2","2013","오피스텔",1057,1,3
363,"124500","23.28","1","2012","연립다세대",53,0,0
364,"123000","186.85","","2006","단독다가구",126,1,3
365,"760000","494.56","","1991","단독다가구",1057,1,3
366,"123000","186.85","","2006","단독다가구",126,1,3
367,"180000","209.14","2","2000","아파트",92,2,4
368,"9200","26.95","5","1991","오피스텔",173,3,1
369,"30000","38.13","1","2000","연립다세대",37,1,2
370,"214000","84.822","2","1999","아파트",92,2,4
371,"162000","59.96","10","2000","아파트",522,5,5
372,"187000","114.32","14","1997","아파트",92,2,4
373,"191700","84.71","5","2000","아파트",522,5,5
374,"163000","114.46","5","1996","아파트",126,1,3
375,"202000","81.567","6","2003","아파트",1057,1,3
376,"149500","59.936","13","2004","아파트",126,1,3
377,"110000","50.02","3","1982","연립다세대",155,1,4
378,"157700","59.91","7","1989","아파트",19,1,2
379,"167000","59.96","21","2000","아파트",522,5,5
380,"27000","28.99","-1","1995","연립다세대",19,1,2
381,"32000","29.73","4","2012","연립다세대",778,2,7
382,"204000","59.983","14","2019","아파트",37,1,2
383,"232000","84.87","11","2007","아파트",37,1,2
384,"247000","84.96","13","2016","아파트",126,1,3
385,"30000","29.92","4","2011","연립다세대",155,1,4
386,"30000","42.46","3","2012","연립다세대",19,1,2
387,"59000","74.98","3","2012","연립다세대",19,1,2
388,"209000","84.93","9","1998","아파트",522,5,5
389,"244000","114.771","1","2012","아파트",37,1,2
390,"22000","12.24","3","2011","연립다세대",77,0,0
391,"100500","171.28","","1990","단독다가구",75,0,1
392,"169000","59.96","25","2000","아파트",522,5,5
393,"205000","114.62","8","2000","아파트",522,5,5
394,"178000","59.97","13","2001","아파트",37,1,2
395,"170000","59.97","4","2001","아파트",37,1,2
396,"183000","84.979","5","2012","아파트",53,0,0
397,"97000","84.67","3","2004","아파트",155,1,4
398,"177000","84.87","14","2000","아파트",522,5,5
399,"167000","59.97","2","2001","아파트",37,1,2
400,"167000","59.9","7","2001","아파트",37,1,2
401,"184000","84.82","10","2001","아파트",37,1,2
402,"200000","84.82","20","2001","아파트",37,1,2
403,"179500","116.58","6","2009","아파트",75,0,1
404,"14900","18.33","8","2013","오피스텔",1057,1,3
405,"166000","84.97","16","2006","아파트",155,1,4
406,"84500","59.8","2","2023","연립다세대",126,1,3
407,"200000","116.81","5","1994","아파트",53,0,0
408,"97000","84.67","3","2004","아파트",155,1,4
409,"150000","44.88","1","1985","연립다세대",53,0,0
410,"126500","59.91","22","1998","아파트",155,1,4
411,"166000","59.99","1","2009","아파트",522,5,5
412,"170000","59.99","3","2009","아파트",522,5,5
413,"303000","81.8","14","1994","아파트",1057,1,3
414,"140000","84.91","14","1998","아파트",155,1,4
415,"69800","59.18","2","2018","오피스텔",778,2,7
416,"80000","59.49","10","1999","아파트",1057,1,3
417,"15200","24.84","11","2003","오피스텔",1057,1,3
418,"34900","56","9","2006","오피스텔",173,3,1
419,"24300","18.63","8","2020","오피스텔",77,0,0
420,"194000","114.94","8","2000","아파트",522,5,5
421,"178000","84.99","6","2003","아파트",37,1,2
422,"218500","59.25","12","2012","아파트",92,2,4
423,"157500","59.96","13","2000","아파트",522,5,5
424,"148500","59.936","3","2004","아파트",126,1,3
425,"150000","84.66","3","2004","아파트",778,2,7
426,"39000","39.15","8","2004","오피스텔",778,2,7
427,"119000","60","6","1999","아파트",155,1,4
428,"190000","84.42","4","2001","아파트",19,1,2
429,"239000","84.762","9","2004","아파트",92,2,4
430,"163700","114.57","1","2001","아파트",37,1,2
431,"210000","59.983","14","2019","아파트",37,1,2
432,"42600","28.18","3","2017","연립다세대",1057,1,3
433,"146000","84.417","1","2004","아파트",126,1,3
434,"60000","23.82","5","2023","연립다세대",173,3,1
435,"150000","75.2","10","1989","아파트",126,1,3
436,"187000","84.98","2","2012","아파트",36,0,1
437,"285000","49.68","1","1983","연립다세대",1057,1,3
438,"185000","84.82","7","2001","아파트",37,1,2
439,"208000","81.567","6","2003","아파트",1057,1,3
440,"130000","59.94","11","1998","아파트",155,1,4
441,"219500","114.33","13","2011","아파트",522,5,5
442,"205000","59.99","6","2007","아파트",37,1,2
443,"34500","35.18","2","1997","연립다세대",37,1,2
444,"160000","59.68","11","2011","아파트",522,5,5
445,"81000","72.9","3","2006","아파트",126,1,3
446,"207500","53.14","9","1983","아파트",778,2,7
447,"87500","71.85","3","1989","아파트",36,1,4
448,"700000","402.71","","1980","단독다가구",1057,1,3
449,"136000","84.91","3","1998","아파트",155,1,4
450,"31300","27.49","5","2015","연립다세대",778,2,7
451,"162500","57.78","6","1986","아파트",92,2,4
452,"187500","84.71","15","2000","아파트",522,5,5
453,"160000","59.76","2","2001","아파트",19,1,2
454,"144000","59.76","7","1996","아파트",155,1,4
455,"15300","24.07","3","2011","오피스텔",126,1,3
456,"950000","135","","1970","단독다가구",1057,1,3
457,"210000","59.983","7","2019","아파트",37,1,2
458,"244000","129.34","16","2015","아파트",126,1,3
459,"179000","59.91","7","2003","아파트",522,5,5
460,"189500","59.99","12","2007","아파트",37,1,2
461,"210000","84.78","20","1997","아파트",778,2,7
462,"185000","84.99","4","2010","아파트",37,1,2
463,"14800","18.33","6","2013","오피스텔",1057,1,3
464,"30000","33.45","11","1998","오피스텔",1057,1,3
465,"29000","28.81","6","2018","연립다세대",155,1,4
466,"187000","59.7","14","1999","아파트",92,2,4
467,"162000","84.417","4","2004","아파트",126,1,3
468,"143500","76.76","8","1996","아파트",19,1,2
469,"43500","46.105","2","2003","연립다세대",36,1,4
470,"167500","59.96","14","2000","아파트",522,5,5
471,"156000","148.05","","1993","단독다가구",53,0,0
472,"360000","149.76","","1993","단독다가구",778,2,7
473,"68000","64.32","4","2002","연립다세대",75,0,1
474,"204000","59.98","6","2016","아파트",36,0,1
475,"240000","58.23","2","1989","연립다세대",778,2,7
476,"120000","84.93","14","2006","아파트",77,0,0
477,"143000","84.97","4","2001","아파트",126,1,3
478,"120000","30.96","1","1992","연립다세대",53,0,0
479,"85000","71.85","11","1989","아파트",36,1,4
480,"35000","27.16","6","2019","연립다세대",77,0,0
481,"158000","84.81","9","1996","아파트",19,1,2
482,"198000","59.93","24","2016","아파트",126,1,3
483,"187000","84.731","14","2012","아파트",53,0,0
484,"175000","114.32","17","1997","아파트",92,2,4
485,"169000","59.9","9","2001","아파트",37,1,2
486,"215000","59.983","17","2019","아파트",37,1,2
487,"218000","114.666","9","1999","아파트",92,2,4
488,"37500","29.47","6","2015","연립다세대",1057,1,3
489,"300000","114.78","8","1998","아파트",92,2,4
490,"204000","124.19","10","1994","아파트",53,0,0
491,"232000","84.96","10","2016","아파트",126,1,3
492,"245000","49.668","19","2017","아파트",778,2,7
493,"188500","81.48","10","1994","아파트",778,2,7
494,"240000","84.55","6","2007","아파트",37,1,2
495,"185000","114.97","5","2003","아파트",522,5,5
496,"142000","59.9","4","1997","아파트",92,2,4
497,"37800","65.95","10","2006","오피스텔",173,3,1
498,"24500","42.75","8","2006","오피스텔",173,3,1
499,"160000","59.9","1","2001","아파트",37,1,2
500,"163500","114.46","16","1996","아파트",126,1,3
501,"163000","84.53","4","1989","아파트",19,1,2
502,"144750","84.71","2","2004","아파트",155,1,4
503,"140000","114.59","1","1989","아파트",126,1,3
504,"163000","84.049","10","2023","아파트",37,1,2
505,"146500","59.9","6","1997","아파트",92,2,4
506,"168000","59.99","5","2017","아파트",126,1,3
507,"195000","59.7","9","1999","아파트",92,2,4
508,"196000","59.7","18","1999","아파트",92,2,4
509,"1400000","206.74","12","2020","아파트",778,2,7
510,"153000","71.33","13","1996","아파트",126,1,3
511,"100000","84.038","3","2005","아파트",155,1,4
512,"237000","84.98","14","2016","아파트",126,1,3
513,"240000","84.932","12","2019","아파트",37,1,2
514,"250500","84.3","14","2016","아파트",92,2,4
515,"16000","19.4","5","2012","연립다세대",1057,1,3
516,"190500","84.99","1","2012","아파트",36,0,1
517,"1400000","563.44","","1984","단독다가구",1057,1,3
518,"100000","84.038","3","2005","아파트",155,1,4
519,"189000","114.57","5","2001","아파트",37,1,2
520,"180000","84.82","16","2001","아파트",37,1,2
521,"188000","84.95","20","2003","아파트",522,5,5
522,"169000","59.9","20","2001","아파트",37,1,2
523,"216000","59.25","14","2012","아파트",92,2,4
524,"185000","59.99","7","2007","아파트",37,1,2
525,"180000","69.21","14","1990","아파트",778,2,7
526,"143000","59.507","13","2023","아파트",37,1,2
527,"140000","59.91","2","2003","아파트",522,5,5
528,"130000","84.91","26","2006","아파트",77,0,0
529,"199000","59.94","10","2016","아파트",126,1,3
530,"220000","84.96","20","2015","아파트",126,1,3
531,"75000","124.34","","1992","단독다가구",53,0,0
532,"90000","71.85","7","1989","아파트",36,1,4
533,"235000","114.666","3","1999","아파트",92,2,4
534,"270000","243.78","","1992","단독다가구",1057,1,3
535,"130000","163.3","","1990","단독다가구",522,5,5
536,"167000","84.97","12","1999","아파트",778,2,7
537,"150000","59.98","4","2003","아파트",19,1,2
538,"185000","84.74","4","2011","아파트",522,5,5
539,"178000","114.57","1","2001","아파트",37,1,2
540,"170000","164.86","18","1998","아파트",155,1,4
541,"189000","84.71","23","2000","아파트",522,5,5
542,"162500","59.96","9","2000","아파트",522,5,5
543,"199800","84.99","12","2009","아파트",522,5,5
544,"21000","29.54","11","2004","오피스텔",92,2,4
545,"237000","84.81","5","2012","아파트",92,2,4
546,"200000","84.967","6","2003","아파트",778,2,7
547,"250000","114.6","17","2001","아파트",37,1,2
548,"135000","84.91","28","1998","아파트",155,1,4
549,"136800","84.91","8","1998","아파트",155,1,4
550,"125000","84.981","1","2009","아파트",126,1,3
551,"136800","84.91","8","1998","아파트",155,1,4
552,"30000","49.16","-1","1995","연립다세대",37,1,2
553,"220000","84.65","11","2011","아파트",92,2,4
554,"249000","84.3","12","2016","아파트",92,2,4
555,"154000","59.936","5","2004","아파트",126,1,3
556,"183000","84.71","7","2000","아파트",522,5,5
557,"179000","82.38","1","1995","연립다세대",53,0,0
558,"240000","84.767","11","2004","아파트",92,2,4
559,"160000","59.76","5","2001","아파트",19,1,2
560,"178000","84.87","5","2000","아파트",522,5,5
561,"185000","75.51","8","1986","아파트",19,1,2
562,"155000","59.91","3","1990","아파트",19,1,2
563,"160000","59.95","5","2001","아파트",37,1,2
564,"132000","59.97","3","1996","아파트",19,1,2
565,"178000","114.97","1","2003","아파트",522,5,5
566,"148000","59.507","10","2023","아파트",37,1,2
567,"213000","84.09","8","1998","아파트",522,5,5
568,"151000","52.52","2","2006","연립다세대",53,0,0
569,"166000","59.9","16","2001","아파트",37,1,2
570,"120000","84.74","20","2006","아파트",77,0,0
571,"15000","35","8","2011","오피스텔",173,3,1
572,"164500","55.35","3","1985","연립다세대",1057,1,3
573,"364000","83.9","3","2007","연립다세대",778,2,7
574,"213000","84.09","10","1998","아파트",522,5,5
575,"30000","33.45","8","1998","오피스텔",1057,1,3
576,"222000","42.25","2","1978","아파트",1057,1,3
577,"150000","58.32","8","1999","아파트",778,2,7
578,"240000","96.18","1","1983","아파트",778,2,7
579,"240000","96.18","1","1983","아파트",778,2,7
580,"225000","59.25","5","2012","아파트",92,2,4
581,"182000","114.94","1","2000","아파트",522,5,5
582,"147000","75.2","10","1989","아파트",126,1,3
583,"134200","59.91","10","1998","아파트",155,1,4
584,"150000","84.33","11","2006","아파트",37,1,2
585,"196500","114.97","12","2003","아파트",522,5,5
586,"137000","60","11","1997","아파트",778,2,7
587,"202000","59.4","16","1994","아파트",778,2,7
588,"153500","59.936","14","2004","아파트",126,1,3
589,"23000","18.63","4","2020","오피스텔",77,0,0
590,"230000","59.88","9","2016","아파트",92,2,4
591,"24000","34.2","1","1999","연립다세대",37,1,2
592,"14600","25.74","5","2003","오피스텔",14,0,0
593,"198000","114.62","14","2000","아파트",522,5,5
594,"185000","114.94","5","2000","아파트",522,5,5
595,"164000","59.99","8","2005","아파트",53,0,0
596,"430000","84.811","5","2017","아파트",778,2,7
597,"154000","84.49","12","2005","아파트",53,0,0
598,"230000","59.78","3","2016","아파트",92,2,4
599,"14000","22.97","5","2011","오피스텔",126,1,3
600,"35500","26.93","5","2017","연립다세대",47,0,0
601,"13700","20.21","6","2016","오피스텔",173,3,1
602,"210000","130.42","11","2006","아파트",1057,1,3
603,"201000","59.98","8","2016","아파트",36,0,1
604,"230000","59.78","3","2016","아파트",92,2,4
605,"214000","59.25","3","2012","아파트",92,2,4
606,"265000","87.67","12","1982","아파트",92,2,4
607,"175500","68.58","5","1986","아파트",92,2,4
608,"40000","19.25","5","2026","연립다세대",173,3,1
609,"59000","18.65","2","2026","연립다세대",173,3,1
610,"14000","22.97","5","2011","오피스텔",126,1,3
611,"171500","79.08","12","1994","아파트",53,0,0
612,"159000","54","2","1983","연립다세대",1057,1,3
613,"43000","20.7","1","2022","연립다세대",173,3,1
614,"60000","42.93","1","1992","연립다세대",37,1,2
615,"77000","84.87","3","2003","아파트",37,1,2
616,"150000","84.81","14","1996","아파트",19,1,2
617,"132000","59.97","10","1996","아파트",19,1,2
618,"176200","67.92","3","1998","아파트",522,5,5
619,"140000","84.87","6","2009","아파트",75,0,1
620,"183000","59.94","1","2016","아파트",126,1,3
621,"205000","59.99","12","2012","아파트",36,0,1
622,"200000","81.567","11","2003","아파트",1057,1,3
623,"25500","22.29","2","2018","연립다세대",77,0,0
624,"173000","59.95","12","2001","아파트",37,1,2
625,"167500","59.97","3","2005","아파트",53,0,0
626,"194500","59.7","4","1999","아파트",92,2,4
627,"180000","59.7","2","1999","아파트",92,2,4
628,"260000","84.3","7","2016","아파트",92,2,4
629,"228000","59.77","11","2016","아파트",92,2,4
630,"249000","84.3","7","2016","아파트",92,2,4
631,"122500","60","8","1999","아파트",155,1,4
632,"123500","59.96","4","2004","아파트",155,1,4
633,"195000","59.7","4","1999","아파트",92,2,4
634,"150500","84.93","11","1996","아파트",155,1,4
635,"138500","59.76","18","1996","아파트",155,1,4
636,"163000","84.22","4","1992","아파트",778,2,7
637,"235000","129.34","13","2015","아파트",126,1,3
638,"232000","84.957","21","2019","아파트",37,1,2
639,"226000","59.99","15","2007","아파트",37,1,2
640,"124500","78.35","3","2005","아파트",778,2,7
641,"250000","104.38","12","1990","아파트",92,2,4
642,"178000","114.57","15","2001","아파트",37,1,2
643,"205000","84.98","7","2012","아파트",36,0,1
644,"45000","35.36","3","1995","연립다세대",37,1,2
645,"1100000","419.42","","1997","단독다가구",778,2,7
646,"175000","172.8","","1990","단독다가구",75,0,1
647,"220000","59.907","10","2012","아파트",37,1,2
648,"32800","25.92","3","2016","연립다세대",47,0,0
649,"215000","127.44","14","2014","아파트",14,0,0
650,"262000","148.8","15","2015","아파트",126,1,3
651,"217000","84.88","12","2015","아파트",126,1,3
652,"149500","114.93","14","2001","아파트",126,1,3
653,"230000","84.699","8","2011","아파트",92,2,4
654,"53000","14.38","2","2026","연립다세대",173,3,1
655,"109500","40.86","2","1986","아파트",155,1,4
656,"69500","57.79","4","1994","연립다세대",1057,1,3
657,"12000","21.9","15","2016","오피스텔",173,3,1
658,"12000","19.88","15","2016","오피스텔",173,3,1
659,"188000","114.57","12","2001","아파트",37,1,2
660,"145000","67.35","1","1987","연립다세대",778,2,7
661,"200000","84.81","11","2011","아파트",522,5,5
662,"188000","59.59","6","2016","아파트",126,1,3
663,"270000","84.776","32","0","아파트",522,5,5
664,"135000","62.41","7","1989","아파트",126,1,3
665,"175000","59.97","12","2001","아파트",37,1,2
666,"192000","59.99","12","2007","아파트",37,1,2
667,"150000","84.81","10","1996","아파트",19,1,2
668,"180000","59.96","4","2014","아파트",14,0,0
669,"180000","59.96","4","2014","아파트",14,0,0
670,"110000","55.72","3","2016","연립다세대",37,1,2
671,"33900","44.14","-1","1995","연립다세대",19,1,2
672,"31000","30.5","-1","1992","연립다세대",778,2,7
673,"166500","59.96","3","2000","아파트",522,5,5
674,"145000","114.94","7","2000","아파트",522,5,5
675,"171500","59.99","19","2017","아파트",126,1,3
676,"38200","44.05","5","2015","오피스텔",778,2,7
677,"219000","104.56","14","2003","아파트",1057,1,3
678,"220000","59.25","17","2012","아파트",92,2,4
679,"43000","47.09","2","1993","연립다세대",36,0,1
680,"175000","59.7","2","1999","아파트",92,2,4
681,"223000","59.77","8","2016","아파트",92,2,4
682,"52000","27.65","2","1986","연립다세대",173,3,1
683,"80000","118.81","","1975","단독다가구",173,3,1
684,"182000","84.95","4","2003","아파트",522,5,5
685,"139000","59.507","9","2023","아파트",37,1,2
686,"163000","59.81","10","2011","아파트",522,5,5
687,"156000","84.91","2","1999","아파트",778,2,7
688,"53700","17.48","2","2026","연립다세대",173,3,1
689,"355000","149.39","8","1982","아파트",92,2,4
690,"155000","94.46","12","1989","아파트",126,1,3
691,"235000","84.932","10","2019","아파트",37,1,2
692,"216000","104.41","15","1990","아파트",92,2,4
693,"163800","59.9","5","2001","아파트",37,1,2
694,"59800","23.1","3","2026","연립다세대",173,3,1
695,"84800","84.95","1","2007","아파트",173,3,1
696,"227000","277.65","","1979","단독다가구",173,3,1
697,"257500","84.3","14","2016","아파트",92,2,4
698,"130000","59.97","3","1995","아파트",522,5,5
699,"41000","59.57","1","2003","연립다세대",19,1,2
700,"197000","59.84","4","2012","아파트",92,2,4
701,"56500","43.44","4","2003","연립다세대",778,2,7
702,"165000","104.56","3","2003","아파트",1057,1,3
703,"198000","114.57","20","2001","아파트",37,1,2
704,"98000","108.01","","1981","단독다가구",155,1,4
705,"31500","68.9","4","2011","연립다세대",75,0,1
706,"227000","277.65","","1979","단독다가구",173,3,1
707,"27700","33.84","3","1997","연립다세대",37,1,2
708,"190000","114.62","25","2000","아파트",522,5,5
709,"35500","26.22","-1","1992","연립다세대",37,1,2
710,"54400","75.79","1","2004","연립다세대",522,5,5
711,"64000","57.27","3","2014","오피스텔",522,5,5
712,"24500","31.6","3","2003","오피스텔",778,2,7
713,"248000","84.9","20","2018","아파트",522,5,5
714,"114500","84.74","7","2006","아파트",77,0,0
715,"14000","12.84","8","2013","아파트",126,1,3
716,"64000","57.27","3","2014","오피스텔",522,5,5
717,"33000","27.04","2","2015","연립다세대",778,2,7
718,"199000","84.97","9","2012","아파트",36,0,1
719,"194000","114.67","8","2001","아파트",37,1,2
720,"142500","114.93","3","2001","아파트",126,1,3
721,"171500","84.87","4","2000","아파트",522,5,5
722,"170000","84.87","4","2000","아파트",522,5,5
723,"126000","84.71","20","2000","아파트",522,5,5
724,"385000","177.12","3","1982","아파트",92,2,4
725,"165000","59.96","1","2014","아파트",14,0,0
726,"204000","84.98","16","2012","아파트",36,0,1
727,"245000","84.87","8","2007","아파트",37,1,2
728,"194000","59.99","19","2016","아파트",126,1,3
729,"223500","84.96","11","2016","아파트",126,1,3
730,"230000","84.98","27","2016","아파트",126,1,3
731,"25000","19.42","18","2019","아파트",14,0,0
732,"74500","48.5","7","2018","연립다세대",1057,1,3
733,"370000","249.95","","1984","단독다가구",778,2,7
734,"205000","116.22","10","2003","아파트",1057,1,3
735,"160500","59.9","10","2001","아파트",37,1,2
736,"38000","20.25","","1986","단독다가구",155,1,4
737,"470000","344.03","","1988","단독다가구",778,2,7
738,"185000","49.12","1","1980","연립다세대",778,2,7
739,"40000","28.73","3","2023","연립다세대",173,3,1
740,"295000","117.07","","1992","단독다가구",1057,1,3
741,"185000","84.71","9","2000","아파트",522,5,5
742,"176000","114.57","8","2001","아파트",37,1,2
743,"22000","27.01","8","2004","오피스텔",92,2,4
744,"208000","84.9","8","1990","아파트",92,2,4
745,"129500","84.91","1","1998","아파트",155,1,4
746,"248000","84.81","7","2012","아파트",92,2,4
747,"267500","115.9","3","2016","아파트",92,2,4
748,"45000","57.52","1","2002","연립다세대",19,1,2
749,"117500","67.34","2","2004","아파트",1057,1,3
884,"165000","57.78","5","1986","아파트",92,2,4
750,"120000","59.82","9","1999","아파트",1057,1,3
751,"33600","29.72","4","2012","연립다세대",778,2,7
752,"159000","84.93","10","1986","아파트",155,1,4
753,"34000","33.36","-1","1995","연립다세대",37,1,2
754,"52000","39.12","3","1996","연립다세대",37,1,2
755,"202000","52.5","5","1983","아파트",778,2,7
756,"34500","32.49","2","2014","오피스텔",522,5,5
757,"168000","59.91","11","2003","아파트",522,5,5
758,"197000","114.97","8","2003","아파트",522,5,5
759,"209000","59.99","4","2007","아파트",37,1,2
760,"157800","59.68","12","2011","아파트",522,5,5
761,"15900","24.84","11","2004","오피스텔",522,5,5
762,"195000","104.56","16","2003","아파트",1057,1,3
763,"250000","344.72","","1993","단독다가구",53,0,0
764,"199000","84.78","12","1997","아파트",778,2,7
765,"54000","57.18","4","2015","연립다세대",75,0,1
766,"232000","84.982","14","2019","아파트",37,1,2
767,"207000","59.983","10","2019","아파트",37,1,2
768,"45500","29.57","10","2018","연립다세대",522,5,5
769,"187000","84.97","3","2012","아파트",36,0,1
770,"152700","59.936","8","2004","아파트",126,1,3
771,"166000","59.97","9","2005","아파트",53,0,0
772,"24000","19.03","4","2018","오피스텔",778,2,7
773,"35000","29.28","17","2022","오피스텔",77,0,0
774,"55500","18.13","2","2026","연립다세대",173,3,1
775,"187000","84.42","4","2001","아파트",19,1,2
776,"168500","59.76","9","2001","아파트",19,1,2
777,"149800","59.936","10","2004","아파트",126,1,3
778,"47846","27.7","","1963","단독다가구",37,1,2
779,"44154","23.97","","1967","단독다가구",37,1,2
780,"179000","84.82","13","2001","아파트",37,1,2
781,"147500","59.936","16","2004","아파트",126,1,3
782,"194500","59.949","3","2019","아파트",37,1,2
783,"83000","84.95","11","2007","아파트",173,3,1
784,"37000","29.88","5","2016","연립다세대",1057,1,3
785,"167000","59.96","12","2000","아파트",522,5,5
786,"158500","59.95","7","2001","아파트",37,1,2
787,"42000","33.36","2","1995","연립다세대",37,1,2
788,"213000","59.25","16","2012","아파트",92,2,4
789,"118000","24.48","","1985","단독다가구",53,0,0
790,"60000","178.98","","1995","단독다가구",173,3,1
791,"136000","59.97","2","1995","아파트",522,5,5
792,"145000","84.96","12","1995","아파트",522,5,5
793,"232000","59.88","9","2016","아파트",92,2,4
794,"44500","15.18","2","2023","연립다세대",173,3,1
795,"122800","59.94","3","1998","아파트",155,1,4
796,"43000","29.04","-1","1993","연립다세대",37,1,2
797,"167000","59.94","7","2003","아파트",522,5,5
798,"157500","59.68","8","2011","아파트",522,5,5
799,"181000","84.74","12","2011","아파트",522,5,5
800,"160000","84.49","3","2005","아파트",53,0,0
801,"63300","58.32","6","2004","아파트",75,0,1
802,"217000","129.34","3","2015","아파트",126,1,3
803,"49000","59.46","-1","1992","연립다세대",37,1,2
804,"403700","112.8","1","1987","연립다세대",778,2,7
805,"218000","104.56","11","2003","아파트",1057,1,3
806,"403700","112.8","2","1987","연립다세대",778,2,7
807,"58200","79.32","2","2004","연립다세대",522,5,5
808,"107400","146.15","3","2004","연립다세대",522,5,5
809,"204000","59.4","17","1994","아파트",778,2,7
810,"37000","60.45","14","2006","오피스텔",173,3,1
811,"292600","102.72","-1","1987","연립다세대",778,2,7
812,"165000","59.9","11","2001","아파트",37,1,2
813,"113000","83.453","11","2022","아파트",75,0,1
814,"129700","223.69","","2017","단독다가구",75,0,1
815,"208000","286.05","","1988","단독다가구",522,5,5
816,"142000","59.507","7","2023","아파트",37,1,2
817,"205000","84.93","5","1998","아파트",522,5,5
818,"188000","84.83","13","2003","아파트",19,1,2
819,"131000","62.41","13","1989","아파트",126,1,3
820,"59000","22.05","4","2023","연립다세대",173,3,1
821,"175000","114.67","6","2001","아파트",37,1,2
822,"115000","84.545","2","1995","아파트",173,3,1
823,"230000","84.98","8","2016","아파트",126,1,3
824,"51500","68.58","5","2001","연립다세대",92,2,4
825,"225000","84.96","15","2016","아파트",126,1,3
826,"12800","27.69","7","2004","오피스텔",155,1,4
827,"44000","32.31","-1","1993","연립다세대",37,1,2
828,"65000","52.83","-1","1994","연립다세대",37,1,2
829,"27000","24.85","5","2017","연립다세대",47,0,0
830,"250000","84.3","14","2016","아파트",92,2,4
831,"28000","43.23","1","1986","연립다세대",77,0,0
832,"10000","21.9","5","2016","오피스텔",173,3,1
833,"160100","84.42","14","2001","아파트",19,1,2
834,"280000","114.55","12","2007","아파트",37,1,2
835,"239000","84.9","16","2018","아파트",522,5,5
836,"223000","84.96","19","2016","아파트",126,1,3
837,"225000","84.96","22","2016","아파트",126,1,3
838,"295000","114.55","18","2007","아파트",37,1,2
839,"172000","84.83","12","2003","아파트",19,1,2
840,"57000","70.065","3","2008","연립다세대",36,0,1
841,"46000","20.76","1","2022","연립다세대",173,3,1
842,"220000","84.932","1","2019","아파트",37,1,2
843,"229000","59.25","10","2012","아파트",92,2,4
844,"173000","230.64","","1989","단독다가구",92,2,4
845,"179000","84.82","7","2001","아파트",37,1,2
846,"223000","84.96","19","2016","아파트",126,1,3
847,"68000","84.8","14","2000","아파트",36,1,4
848,"70000","64.99","3","2009","연립다세대",36,0,1
849,"150000","59.99","4","2005","아파트",53,0,0
850,"146000","26.4","2","2019","연립다세대",53,0,0
851,"250000","148.94","21","2015","아파트",126,1,3
852,"101000","56.04","3","1998","아파트",92,2,4
853,"61000","29.99","4","2026","연립다세대",173,3,1
854,"220000","142.26","3","1986","아파트",92,2,4
855,"128000","59.4","3","2001","아파트",126,1,3
856,"108000","84.971","13","2002","아파트",75,0,1
857,"155000","59.95","1","2001","아파트",37,1,2
858,"230000","59.77","6","2016","아파트",92,2,4
859,"34700","24.64","-1","1992","연립다세대",37,1,2
860,"20000","12.01","4","2012","연립다세대",522,5,5
861,"24000","14.08","2","2013","연립다세대",522,5,5
862,"148000","84.94","2","1996","아파트",126,1,3
863,"140000","84.91","4","1998","아파트",155,1,4
864,"105000","26.52","","2014","단독다가구",778,2,7
865,"174000","114.57","10","2001","아파트",37,1,2
866,"41000","71.23","2","null","오피스텔",1057,1,3
867,"200000","52.5","5","1983","아파트",778,2,7
868,"33000","27.5","8","2018","연립다세대",155,1,4
869,"31800","16.97","5","2022","오피스텔",1057,1,3
870,"220000","84.699","10","2011","아파트",92,2,4
871,"150000","84.94","9","1996","아파트",126,1,3
872,"210000","84.967","9","2003","아파트",778,2,7
873,"215500","59.25","11","2012","아파트",92,2,4
874,"161500","59.97","7","1994","아파트",53,0,0
875,"179000","84.95","8","2003","아파트",522,5,5
876,"193000","59.99","13","2007","아파트",37,1,2
877,"203000","59.93","17","2016","아파트",126,1,3
878,"230000","84.96","10","2016","아파트",126,1,3
879,"38500","49.97","3","1995","연립다세대",19,1,2
880,"37000","23.46","1","1992","연립다세대",37,1,2
881,"10450","23.8","4","2010","오피스텔",155,1,4
882,"285000","59.67","1","1994","아파트",1057,1,3
883,"232000","84.822","8","1999","아파트",92,2,4
885,"181000","59.76","2","1997","아파트",778,2,7
886,"141000","51.94","3","2017","아파트",126,1,3
887,"162000","84.53","1","1989","아파트",19,1,2
888,"158300","59.96","12","2000","아파트",522,5,5
889,"168000","59.76","11","2001","아파트",19,1,2
890,"171500","59.97","18","2001","아파트",37,1,2
891,"520000","84.811","40","2017","아파트",778,2,7
892,"200000","164.62","3","1987","연립다세대",92,2,4
893,"20000","35.37","","1991","단독다가구",53,0,0
894,"305000","84.97","2","2000","아파트",1057,1,3
895,"194000","59.88","6","2015","아파트",126,1,3
896,"120000","59.82","9","1999","아파트",1057,1,3
897,"340000","84.77","15","2000","아파트",1057,1,3
898,"175000","84.82","10","2001","아파트",37,1,2
899,"149000","84.94","17","1996","아파트",126,1,3
900,"150000","84.94","11","1996","아파트",126,1,3
901,"165000","57.78","10","1986","아파트",92,2,4
902,"153500","84.417","18","2004","아파트",126,1,3
903,"223000","59.78","6","2016","아파트",92,2,4
904,"260000","84.51","3","2016","아파트",92,2,4
905,"188000","59.7","5","1999","아파트",92,2,4
906,"192000","104.56","2","2003","아파트",1057,1,3
907,"248000","115.99","21","2016","아파트",126,1,3
908,"195000","80.8","6","1990","아파트",778,2,7
909,"19500","33.1","2","1993","연립다세대",19,1,2
910,"95000","84.93","8","2006","아파트",77,0,0
911,"14900","18.33","2","2013","오피스텔",1057,1,3
912,"194500","84.71","13","2000","아파트",522,5,5
913,"164500","59.96","11","2000","아파트",522,5,5
914,"158500","59.99","2","2009","아파트",522,5,5
915,"650000","140.309","9","2017","아파트",778,2,7
916,"248000","148.94","17","2015","아파트",126,1,3
917,"220000","59.939","10","0","아파트",522,5,5
918,"67800","25.4","3","2023","연립다세대",173,3,1
919,"175000","84.87","12","2000","아파트",522,5,5
920,"188000","114.57","20","2001","아파트",37,1,2
921,"95000","74.95","5","2009","연립다세대",155,1,4
922,"247000","84.3","16","2016","아파트",92,2,4
923,"270000","59.67","6","1994","아파트",1057,1,3
924,"259000","84.3","18","2016","아파트",92,2,4
925,"30600","54.72","5","2007","오피스텔",155,1,4
926,"160000","59.96","10","2000","아파트",522,5,5
927,"140000","75.57","3","1992","연립다세대",53,0,0
928,"270000","87.67","12","1982","아파트",92,2,4
929,"269000","84.96","31","2018","아파트",522,5,5
930,"265000","115.99","22","2016","아파트",126,1,3
931,"216000","84.943","8","0","아파트",173,3,1
932,"180000","69.21","3","1990","아파트",778,2,7
933,"224000","92.24","20","2014","아파트",522,5,5
934,"159200","59.91","13","2003","아파트",522,5,5
935,"209500","127.44","5","2014","아파트",14,0,0
936,"208000","59.25","20","2012","아파트",92,2,4
937,"23000","31.6","10","2003","오피스텔",778,2,7
938,"140000","59.76","7","1996","아파트",155,1,4
939,"158000","84.417","10","2004","아파트",126,1,3
940,"145000","58.32","17","1999","아파트",778,2,7
941,"99000","68.5","3","1990","연립다세대",778,2,7
942,"124000","59.79","12","2001","아파트",126,1,3
943,"60000","23.69","4","2023","연립다세대",173,3,1
944,"12500","19.88","12","2016","오피스텔",173,3,1
945,"186000","114.94","13","2000","아파트",522,5,5
946,"135000","51.94","10","2017","아파트",126,1,3
947,"158000","84.417","12","2004","아파트",126,1,3
948,"270000","115.1","11","2016","아파트",92,2,4
949,"298000","48.51","1","1993","연립다세대",778,2,7
950,"160000","57.78","10","1986","아파트",92,2,4
951,"233000","59.91","15","2016","아파트",92,2,4
952,"155000","84.93","5","1996","아파트",155,1,4
953,"159000","59.95","5","2001","아파트",37,1,2
954,"142000","84.45","7","2001","아파트",37,1,2
955,"235000","84.932","16","2019","아파트",37,1,2
956,"235000","84.982","16","2019","아파트",37,1,2
957,"142500","81.02","5","2004","아파트",1057,1,3
958,"195000","59.94","3","2016","아파트",126,1,3
959,"160000","57.78","10","1986","아파트",92,2,4
960,"160000","57.78","10","1986","아파트",92,2,4
961,"92000","74.95","4","2009","연립다세대",155,1,4
962,"176000","84.99","3","2003","아파트",37,1,2
963,"67500","29.58","4","2021","연립다세대",173,3,1
964,"200000","114.62","22","2000","아파트",522,5,5
965,"186500","84.71","17","2000","아파트",522,5,5
966,"180000","84.71","8","2000","아파트",522,5,5
967,"160000","59.96","6","2000","아파트",522,5,5
968,"174000","70.76","2","2009","아파트",522,5,5
969,"58000","42","2","1993","연립다세대",92,2,4
970,"168000","59.97","23","2001","아파트",37,1,2
971,"215000","84.96","19","2015","아파트",126,1,3
972,"135000","51.94","10","2017","아파트",126,1,3
973,"160000","59.96","4","2000","아파트",522,5,5
974,"67000","28.69","3","2021","연립다세대",522,5,5
975,"119000","84.53","10","1989","아파트",19,1,2
976,"210000","84.97","14","2015","아파트",126,1,3
977,"180000","84.74","5","1986","아파트",92,2,4
978,"149000","84.94","14","1996","아파트",126,1,3
979,"180000","59.885","1","2000","아파트",778,2,7
980,"195000","59.885","10","2000","아파트",778,2,7
981,"143500","84.87","6","2009","아파트",75,0,1
982,"148000","116.58","2","2009","아파트",75,0,1
983,"210000","114.33","13","2011","아파트",522,5,5
984,"232000","59.91","12","2016","아파트",92,2,4
985,"150000","84.81","12","1996","아파트",19,1,2
986,"37500","28.28","4","2017","연립다세대",778,2,7
987,"195000","81.567","8","2003","아파트",1057,1,3
988,"490000","199.93","","1991","단독다가구",1057,1,3
989,"13400","24.84","2","2003","오피스텔",1057,1,3
990,"9700","23.41","9","1991","오피스텔",173,3,1
991,"205000","59.98","10","2016","아파트",36,0,1
992,"70000","51.94","2","2018","연립다세대",1057,1,3
993,"119000","84.675","1","1996","아파트",126,1,3
994,"200000","84.92","2","2014","아파트",14,0,0
995,"55000","82.93","2","1986","연립다세대",522,5,5
996,"179000","59.96","11","2014","아파트",14,0,0
997,"52300","29.76","2","2022","연립다세대",36,1,4
998,"200000","59.983","5","2019","아파트",37,1,2
999,"29000","38.13","1","1997","연립다세대",37,1,2
1000,"260000","84.81","14","2012","아파트",92,2,4
1001,"167500","84.53","15","1989","아파트",19,1,2
1002,"145000","116.58","1","2009","아파트",75,0,1
1003,"70000","46.37","6","2022","연립다세대",126,1,3
1004,"240000","84.81","10","2012","아파트",92,2,4
1005,"114700","84.99","7","2014","아파트",173,3,1
1006,"168000","84.97","11","1999","아파트",778,2,7
1007,"22000","27.01","6","2004","오피스텔",92,2,4
1008,"170500","84.71","2","2001","아파트",37,1,2
1009,"130000","231.35","","2006","단독다가구",37,1,2
1010,"169300","59.96","23","2000","아파트",522,5,5
1011,"146500","94.46","2","1989","아파트",126,1,3
1012,"50000","58.15","4","2003","연립다세대",155,1,4
1013,"19000","27.01","11","2004","오피스텔",92,2,4
1014,"234500","59.77","13","2016","아파트",92,2,4
1015,"230000","59.77","12","2016","아파트",92,2,4
1016,"158500","84.92","2","1997","아파트",92,2,4
1017,"150000","50.39","1","1992","연립다세대",53,0,0
1018,"25000","22.1","5","2012","연립다세대",778,2,7
1019,"190000","59.99","8","2012","아파트",36,0,1
1020,"62000","49.54","4","2008","연립다세대",173,3,1
1021,"125000","84.495","8","1996","아파트",126,1,3
1022,"110000","59.4","1","2001","아파트",1057,1,3
1023,"14500","18.33","7","2013","오피스텔",1057,1,3
1024,"123000","59.96","5","2004","아파트",155,1,4
1025,"138700","80.89","7","2004","아파트",1057,1,3
1026,"330000","91.54","","1970","단독다가구",1057,1,3
1027,"140000","52.39","3","2008","연립다세대",53,0,0
1028,"230000","59.78","6","2016","아파트",92,2,4
1029,"44900","32.25","3","2002","연립다세대",778,2,7
1030,"44900","32.25","3","2002","연립다세대",778,2,7
1031,"208067","73.549","30","0","아파트",173,3,1
1032,"151000","84.94","9","1996","아파트",126,1,3
1033,"161000","59.96","13","2000","아파트",522,5,5
1034,"155200","59.96","15","2000","아파트",522,5,5
1035,"195500","84.74","11","1986","아파트",92,2,4
1036,"49800","47.96","1","1996","연립다세대",37,1,2
1037,"172000","59.99","17","2017","아파트",126,1,3
1038,"120000","59.97","3","1996","아파트",19,1,2
1039,"100000","59.94","3","2003","아파트",522,5,5
1040,"227500","59.25","18","2012","아파트",92,2,4
1041,"55400","80.6","","1993","단독다가구",126,1,3
1042,"205000","101.995","7","2003","아파트",1057,1,3
1043,"128000","59.94","12","1998","아파트",155,1,4
1044,"128000","84.87","24","1997","아파트",522,5,5
1045,"219000","127.44","10","2014","아파트",14,0,0
1046,"175000","59.75","2","2015","아파트",126,1,3
1047,"171905","59.897","9","0","아파트",173,3,1
1048,"180000","84.74","12","2011","아파트",522,5,5
1049,"158700","59.68","5","2011","아파트",522,5,5
1050,"124000","89.81","3","2004","아파트",1057,1,3
1051,"220000","59.726","4","0","아파트",522,5,5
1052,"180000","84.95","13","2003","아파트",522,5,5
1053,"70500","29.2","4","2017","연립다세대",1057,1,3
1054,"136300","29.81","3","2017","연립다세대",1057,1,3
1055,"72600","29.75","3","2017","연립다세대",1057,1,3
1056,"72600","29.78","5","2017","연립다세대",1057,1,3
1057,"128500","29.99","5","2017","연립다세대",1057,1,3
1058,"200000","59.983","15","2019","아파트",37,1,2
1059,"134000","59.97","4","1995","아파트",522,5,5
1060,"48000","39.75","2","1996","연립다세대",37,1,2
1061,"306500","119.94","","1976","단독다가구",1057,1,3
1062,"33000","27.5","6","2018","연립다세대",155,1,4
1063,"210000","158.16","","1996","단독다가구",75,0,1
1064,"138000","62.41","14","1989","아파트",126,1,3
1065,"158600","59.99","2","2009","아파트",522,5,5
1066,"186000","104.56","4","2003","아파트",1057,1,3
1067,"54900","29.96","2","2017","오피스텔",1057,1,3
1068,"186000","59.76","16","1997","아파트",778,2,7
1069,"210000","158.16","","1996","단독다가구",75,0,1
1070,"263000","84.3","9","2016","아파트",92,2,4
1071,"235000","84.73","2","2012","아파트",92,2,4
1072,"9000","26.25","7","1991","오피스텔",173,3,1
1073,"193500","59.9","2","2007","아파트",37,1,2
1074,"195000","59.99","10","2007","아파트",37,1,2
1075,"72600","29.75","4","2017","연립다세대",1057,1,3
1076,"40000","59.73","3","2002","연립다세대",19,1,2
1077,"250000","244.25","","2016","단독다가구",1057,1,3
1078,"162000","59.96","5","2000","아파트",522,5,5
1079,"178000","48.69","1","1983","연립다세대",778,2,7
1080,"23500","18.48","11","2021","오피스텔",77,0,0
1081,"160000","59.91","23","2003","아파트",522,5,5
1082,"128000","80.89","2","2004","아파트",1057,1,3
1083,"70500","27.56","3","2017","연립다세대",1057,1,3
1084,"70500","27.56","5","2017","연립다세대",1057,1,3
1085,"141000","27.56","4","2017","연립다세대",1057,1,3
1086,"94000","29.81","4","2017","연립다세대",1057,1,3
1087,"74850","29.82","6","2017","연립다세대",1057,1,3
1088,"72600","29.77","5","2017","연립다세대",1057,1,3
1089,"72600","29.8","4","2017","연립다세대",1057,1,3
1090,"72600","29.8","3","2017","연립다세대",1057,1,3
1091,"72600","29.83","3","2017","연립다세대",1057,1,3
1092,"80250","29.85","6","2017","연립다세대",1057,1,3
1093,"72600","29.99","4","2017","연립다세대",1057,1,3
1094,"235000","104.41","6","1990","아파트",92,2,4
1095,"127000","59.94","16","1998","아파트",155,1,4
1096,"39500","29.687","6","2016","연립다세대",1057,1,3
1097,"52635","29.94","2","2017","오피스텔",1057,1,3
1098,"52635","29.99","2","2017","오피스텔",1057,1,3
1099,"54900","28.23","2","2017","오피스텔",1057,1,3
1100,"59900","29.59","2","2017","오피스텔",1057,1,3
1101,"100000","59.97","12","1995","아파트",522,5,5
1102,"100000","59.97","12","1995","아파트",522,5,5
1103,"52635","28.14","2","2017","오피스텔",1057,1,3
1104,"52635","29.07","2","2017","오피스텔",1057,1,3
1105,"52635","29.78","2","2017","오피스텔",1057,1,3
1106,"72600","29.83","4","2017","연립다세대",1057,1,3
1107,"72600","29.8","3","2017","연립다세대",1057,1,3
1108,"72600","29.8","4","2017","연립다세대",1057,1,3
1109,"77600","29.78","6","2017","연립다세대",1057,1,3
1110,"72600","29.77","6","2017","연립다세대",1057,1,3
1111,"72600","29.98","6","2017","연립다세대",1057,1,3
1112,"94000","29.81","5","2017","연립다세대",1057,1,3
1113,"98600","29.33","6","2017","연립다세대",1057,1,3
1114,"59000","67.9","2","2003","연립다세대",53,0,0
1115,"126500","87.02","7","2004","아파트",1057,1,3
1116,"54900","29.75","2","2017","오피스텔",1057,1,3
1117,"77100","29.99","6","2017","연립다세대",1057,1,3
1118,"133000","59.97","9","1996","아파트",19,1,2
1119,"72600","29.99","3","2017","연립다세대",1057,1,3
1120,"87250","29.85","5","2017","연립다세대",1057,1,3
1121,"92000","74.95","4","2009","연립다세대",155,1,4
1122,"53000","15.3","5","2023","연립다세대",173,3,1
1123,"48000","39.15","9","2004","오피스텔",778,2,7
1124,"90710","29.2","3","2017","연립다세대",1057,1,3
1125,"70500","29.2","5","2017","연립다세대",1057,1,3
1126,"72600","28.47","6","2017","연립다세대",1057,1,3
1127,"70500","27.47","5","2017","연립다세대",1057,1,3
1128,"141000","27.47","3","2017","연립다세대",1057,1,3
1129,"70500","27.47","4","2017","연립다세대",1057,1,3
1130,"70500","27.16","4","2017","연립다세대",1057,1,3
1131,"70500","27.16","3","2017","연립다세대",1057,1,3
1132,"94000","27.16","5","2017","연립다세대",1057,1,3
1133,"54900","29.04","2","2017","오피스텔",1057,1,3
1134,"126500","87.02","7","2004","아파트",1057,1,3
1135,"54900","29.53","2","2017","오피스텔",1057,1,3
1136,"17300","26.67","8","2004","오피스텔",778,2,7
1137,"52635","29.25","2","2017","오피스텔",1057,1,3
1138,"153000","84.93","10","1996","아파트",155,1,4
1139,"141000","84.645","10","1999","아파트",1057,1,3
1140,"164500","59.96","7","2000","아파트",522,5,5
1141,"274000","59.93","25","2024","아파트",778,2,7
1142,"48000","33.63","1","1992","연립다세대",37,1,2
1143,"180000","178.02","","1991","단독다가구",75,0,1
1144,"183000","114.62","19","2000","아파트",522,5,5
1145,"129000","59.4","10","2001","아파트",126,1,3
1146,"133000","59.97","9","1996","아파트",19,1,2
1147,"19400","27.54","7","2005","오피스텔",126,1,3
1148,"45000","34.85","-1","1994","연립다세대",37,1,2
1149,"228000","114.32","2","2012","아파트",36,0,1
1150,"108500","84.94","7","2005","아파트",47,0,0
1151,"49000","46.08","4","1996","연립다세대",77,0,0
1152,"180000","84.45","8","2001","아파트",37,1,2
1153,"184000","84.74","2","1986","아파트",92,2,4
1154,"15000","24.84","11","2004","오피스텔",522,5,5
1155,"169000","59.98","17","2003","아파트",19,1,2
1156,"95500","59.83","6","2000","아파트",75,0,1
1157,"130000","84.675","10","1996","아파트",126,1,3
1158,"86000","84.8","1","2000","아파트",36,1,4
1159,"226500","59.88","7","2016","아파트",92,2,4
1160,"135000","58.32","12","1999","아파트",778,2,7
1161,"80000","58.23","1","1989","연립다세대",778,2,7
1162,"134000","40.94","15","2016","아파트",126,1,3
1163,"14600","18.33","7","2013","오피스텔",1057,1,3
1164,"74000","59.49","4","1999","아파트",1057,1,3
1165,"35000","26.42","4","2017","연립다세대",778,2,7
1166,"44000","40.49","5","2018","오피스텔",47,0,0
1167,"180000","84.74","1","1986","아파트",92,2,4
1168,"163000","114.63","9","2001","아파트",126,1,3
1169,"80000","58.23","1","1989","연립다세대",778,2,7
1170,"113500","84.945","9","2000","아파트",75,0,1
1171,"55000","19.88","3","2023","연립다세대",173,3,1
1172,"46000","59.46","2","1993","연립다세대",19,1,2
1173,"188000","114.62","2","2000","아파트",522,5,5
1174,"165000","59.96","10","2000","아파트",522,5,5
1175,"83500","83.64","6","2003","아파트",522,5,5
1176,"82000","36.51","1","1990","연립다세대",778,2,7
1177,"223500","59.91","13","2016","아파트",92,2,4
1178,"25000","33.45","14","1998","오피스텔",1057,1,3
1179,"118500","84.545","3","1995","아파트",173,3,1
1180,"115500","59.79","1","2001","아파트",126,1,3
1181,"124000","37.19","-1","1992","연립다세대",53,0,0
1182,"157000","84.91","16","1999","아파트",778,2,7
1183,"179000","59.99","13","2009","아파트",522,5,5
1184,"141000","84.91","24","1998","아파트",155,1,4
1185,"150000","134.79","22","1998","아파트",155,1,4
1186,"86700","56.91","3","1990","연립다세대",37,1,2
1187,"227000","101.995","18","2003","아파트",1057,1,3
1188,"415737","224.19","","1987","단독다가구",37,1,2
1189,"169000","84.82","3","2001","아파트",37,1,2
1190,"242174","132.36","","1971","단독다가구",37,1,2
1191,"301596","124.39","","1969","단독다가구",37,1,2
1192,"178919","66.12","","1981","단독다가구",37,1,2
1193,"208543","42.91","","1973","단독다가구",37,1,2
1194,"199000","84.96","4","2015","아파트",126,1,3
1195,"162547","39.67","","1957","단독다가구",37,1,2
1196,"38000","47.94","2","2006","연립다세대",37,1,2
1197,"205000","84.015","2","2000","아파트",778,2,7
1198,"415737","224.19","","1987","단독다가구",37,1,2
1199,"224380","139.08","","1992","단독다가구",37,1,2
1200,"242174","132.36","","1971","단독다가구",37,1,2
1201,"301596","124.39","","1969","단독다가구",37,1,2
1202,"178919","66.12","","1981","단독다가구",37,1,2
1203,"208543","42.91","","1973","단독다가구",37,1,2
1204,"162547","39.67","","1957","단독다가구",37,1,2
1205,"115000","84.495","1","1996","아파트",126,1,3
1206,"124000","89.81","3","2004","아파트",1057,1,3
1207,"163500","59.97","14","1994","아파트",53,0,0
1208,"51000","80.96","3","1996","연립다세대",53,0,0
1209,"145000","75.2","7","1989","아파트",126,1,3
1210,"75000","36.66","-1","1990","연립다세대",778,2,7
1211,"142000","48.47","2","1986","연립다세대",53,0,0
1212,"160000","84.92","7","1997","아파트",92,2,4
1213,"129500","59.79","13","2001","아파트",126,1,3
1214,"222000","117.18","3","2012","아파트",36,0,1
1215,"137500","44.07","4","1997","연립다세대",53,0,0
1216,"19500","30.81","15","2003","오피스텔",14,0,0
1217,"149000","59.851","2","2016","아파트",126,1,3
1218,"21500","18.63","6","2020","오피스텔",77,0,0
1219,"38000","33.36","3","1995","연립다세대",37,1,2
1220,"143000","112.26","13","2001","아파트",126,1,3
1221,"163500","59.9","5","2001","아파트",37,1,2
1222,"64000","36.56","3","2002","연립다세대",522,5,5
1223,"145000","84.91","22","1998","아파트",155,1,4
1224,"167000","59.96","8","2000","아파트",522,5,5
1225,"153000","59.96","5","2000","아파트",522,5,5
1226,"180000","84.71","7","2001","아파트",37,1,2
1227,"143000","112.26","13","2001","아파트",126,1,3
1228,"250000","89.19","2","1982","아파트",92,2,4
1229,"54000","16.27","4","2023","연립다세대",173,3,1
1230,"228500","59.25","6","2012","아파트",92,2,4
1231,"74000","78.64","4","2005","아파트",778,2,7
1232,"193000","84.74","7","1986","아파트",92,2,4
1233,"228500","59.25","6","2012","아파트",92,2,4
1234,"134500","59.94","23","1998","아파트",155,1,4
1235,"146000","64.23","3","2003","연립다세대",1057,1,3
1236,"130000","84.675","4","1996","아파트",126,1,3
1237,"83000","84.88","18","2000","아파트",36,1,4
1238,"77000","59.49","18","1999","아파트",1057,1,3
1239,"40000","35.43","1","1995","연립다세대",37,1,2
1240,"122000","58.32","1","1999","아파트",778,2,7
1241,"24000","26.93","2","2017","오피스텔",1057,1,3
1242,"26000","29.54","3","2004","오피스텔",92,2,4
1243,"55000","55.3","4","2003","연립다세대",778,2,7
1244,"121500","83.35","12","2014","아파트",1057,1,3
1245,"184000","59.7","1","1999","아파트",92,2,4
1246,"71000","60.4","3","2017","아파트",155,1,4
1247,"235000","113.71","2","1986","아파트",19,1,2
1248,"160000","59.95","11","2001","아파트",37,1,2
1249,"89000","71.85","7","1989","아파트",36,1,4
1250,"61000","23.49","3","2023","연립다세대",173,3,1
1251,"200000","59.7","12","1999","아파트",92,2,4
1252,"160500","59.97","11","1994","아파트",53,0,0
1253,"62000","26.01","3","2023","연립다세대",173,3,1
1254,"213000","75.51","14","1986","아파트",19,1,2
1255,"159750","59.96","3","2000","아파트",522,5,5
1256,"166000","59.9","15","2001","아파트",37,1,2
1257,"170000","84.82","11","2001","아파트",37,1,2
1258,"55000","42.14","4","2002","연립다세대",778,2,7
1259,"55000","59.57","2","1999","연립다세대",53,0,0
1260,"131000","40.94","8","2016","아파트",126,1,3
1261,"200000","114.67","13","2001","아파트",37,1,2
1262,"222000","117.18","7","2012","아파트",36,0,1
1263,"160000","59.91","9","1990","아파트",19,1,2
1264,"255000","84.3","14","2016","아파트",92,2,4
1265,"200000","425.42","","1997","단독다가구",47,0,0
1266,"760000","494.56","","1991","단독다가구",1057,1,3
1267,"760000","494.56","","1991","단독다가구",1057,1,3
1268,"192000","84.96","3","2015","아파트",126,1,3
1269,"160000","59.91","9","1990","아파트",19,1,2
1270,"57000","56.2","2","2016","연립다세대",75,0,1
1271,"25000","29.97","6","2002","오피스텔",37,1,2
1272,"60000","29.98","5","2023","연립다세대",173,3,1
1273,"14000","30","-1","1995","연립다세대",37,1,2
1274,"9500","23.59","4","1991","오피스텔",173,3,1
1275,"18650","27.54","4","2005","오피스텔",126,1,3
1276,"12700","21.9","11","2016","오피스텔",173,3,1
1277,"181000","79.8","11","1990","아파트",19,1,2
1278,"178500","84.979","3","2012","아파트",53,0,0
1279,"212000","84.92","10","2015","아파트",126,1,3
1280,"193500","59.95","24","2016","아파트",126,1,3
1281,"49500","30.26","1","1992","연립다세대",37,1,2
1282,"145000","59.507","9","2023","아파트",37,1,2
1283,"230000","122.01","13","1998","아파트",522,5,5
1284,"139000","84.87","7","2009","아파트",75,0,1
1285,"25000","19.84","5","2022","오피스텔",77,0,0
1286,"72000","73.38","","1978","단독다가구",75,0,1
1287,"181500","81.48","8","1994","아파트",778,2,7
1288,"755000","389.17","","1990","단독다가구",778,2,7
1289,"200000","84.96","11","2001","아파트",37,1,2
1290,"149500","59.96","1","2000","아파트",522,5,5
1291,"118000","95.54","4","2004","아파트",92,2,4
1292,"151000","59.936","7","2004","아파트",126,1,3
1293,"178000","84.82","2","2001","아파트",37,1,2
1294,"196000","114.62","23","2000","아파트",522,5,5
1295,"145000","84.81","11","1996","아파트",19,1,2
1296,"180000","59.94","8","2016","아파트",126,1,3
1297,"15850","24.84","11","2004","오피스텔",522,5,5
1298,"112900","54.58","2","1987","연립다세대",37,1,2
1299,"112800","54.58","-1","1987","연립다세대",37,1,2
1300,"89500","41.55","1","1987","연립다세대",37,1,2
1301,"100000","41.55","2","1987","연립다세대",37,1,2
1302,"90000","63.51","2","2002","연립다세대",37,1,2
1303,"98000","34.86","3","1992","연립다세대",37,1,2
1304,"98000","34.86","1","1992","연립다세대",37,1,2
1305,"105600","55.72","2","2016","연립다세대",37,1,2
1306,"28000","56.25","4","1999","연립다세대",37,1,2
1307,"95000","45.96","3","2016","연립다세대",37,1,2
1308,"95000","49.25","4","2016","연립다세대",37,1,2
1309,"93000","71.9","4","2004","연립다세대",37,1,2
1310,"78600","71.9","4","2004","연립다세대",37,1,2
1311,"62000","56.54","3","2004","연립다세대",37,1,2
1312,"180000","84.82","7","2001","아파트",37,1,2
1313,"293000","90.54","","1971","단독다가구",37,1,2
1314,"353000","97.65","","1971","단독다가구",37,1,2
1315,"185000","97.79","","1976","단독다가구",37,1,2
1316,"236000","108.96","","1989","단독다가구",37,1,2
1317,"279000","125.8","","2001","단독다가구",1057,1,3
1318,"290000","49.19","","1971","단독다가구",37,1,2
1319,"240800","135.36","","1993","단독다가구",37,1,2
1320,"134310","34.08","","1985","단독다가구",37,1,2
1321,"197700","147.26","","1994","단독다가구",37,1,2
1322,"109000","33.19","","1977","단독다가구",53,0,0
1323,"138000","29.3","","1960","단독다가구",37,1,2
1324,"296600","170.15","","1991","단독다가구",37,1,2
1325,"105000","170.26","","1991","단독다가구",75,0,1
1326,"328800","180.44","","1992","단독다가구",37,1,2
1327,"360000","202.23","","2002","단독다가구",37,1,2
1328,"400700","224.25","","1990","단독다가구",37,1,2
1329,"475000","241.02","","1992","단독다가구",37,1,2
1330,"500000","248.3","","1991","단독다가구",37,1,2
1331,"15850","24.84","11","2004","오피스텔",522,5,5
1332,"53300","25.34","5","2025","연립다세대",173,3,1
1333,"73000","47.83","5","2007","연립다세대",37,1,2
1334,"141000","80.89","2","2007","연립다세대",37,1,2
1335,"117280","81.01","2","2007","연립다세대",37,1,2
1336,"61500","26.3","2","2023","연립다세대",173,3,1
1337,"210000","59.983","11","2019","아파트",37,1,2
1338,"150000","84.99","1","1994","아파트",53,0,0
1339,"113000","84.545","2","1995","아파트",173,3,1
1340,"69000","62.13","3","2017","아파트",155,1,4
1341,"69000","62.13","4","2017","아파트",155,1,4
1342,"159500","84.97","12","2006","아파트",155,1,4
1343,"54700","19.01","2","2023","연립다세대",173,3,1
1344,"160000","99.34","3","1987","연립다세대",92,2,4
1345,"237000","84.21","4","1994","아파트",778,2,7
1346,"40000","52.98","3","2001","연립다세대",53,0,0
1347,"181500","114.32","12","1997","아파트",92,2,4
1348,"160000","59.95","10","2001","아파트",37,1,2
1349,"196000","114.62","5","2000","아파트",522,5,5
1350,"163500","59.97","9","1994","아파트",53,0,0
1351,"29000","18.58","4","2003","연립다세대",36,1,4
1352,"30000","19.35","5","2003","연립다세대",36,1,4
1353,"96000","84.97","2","1999","아파트",778,2,7
1354,"127000","84.495","12","1996","아파트",126,1,3
1355,"330000","91.54","","1970","단독다가구",1057,1,3
1356,"62000","26.3","2","2023","연립다세대",173,3,1
1357,"110000","57.16","2","2003","아파트",92,2,4
1358,"177500","84.82","7","2001","아파트",37,1,2
1359,"83000","170.51","","1988","단독다가구",126,1,3
1360,"174000","59.95","12","2001","아파트",37,1,2
1361,"138000","26.4","2","2019","연립다세대",53,0,0
1362,"93000","59.83","5","2000","아파트",75,0,1
1363,"170000","57.78","7","1986","아파트",92,2,4
1364,"154400","60.12","5","1996","연립다세대",53,0,0
1365,"28700","23.61","12","2017","오피스텔",77,0,0
1366,"220000","84.99","13","2012","아파트",36,0,1
1367,"147000","58.32","2","1999","아파트",778,2,7
1368,"249000","84.81","4","2012","아파트",92,2,4
1369,"169000","59.96","14","2000","아파트",522,5,5
1370,"228000","114.88","11","2001","아파트",19,1,2
1371,"76800","51.96","2","2016","연립다세대",53,0,0
1372,"193500","84.99","7","2017","아파트",126,1,3
1373,"9600","27.04","-1","1995","연립다세대",53,0,0
1374,"140000","59.97","11","1995","아파트",522,5,5
1375,"16000","24.84","8","2004","오피스텔",522,5,5
1376,"90000","63.81","4","1990","연립다세대",37,1,2
1377,"180000","148.23","2","1986","아파트",92,2,4
1378,"16000","24.84","8","2004","오피스텔",522,5,5
1379,"172000","59.99","9","2009","아파트",522,5,5
1380,"202500","84.92","11","2014","아파트",14,0,0
1381,"30000","33.88","2","2012","연립다세대",53,0,0
1382,"188000","84.71","2","2001","아파트",37,1,2
1383,"40700","39.15","7","2004","오피스텔",778,2,7
1384,"150000","112.26","21","2001","아파트",126,1,3
1385,"150000","112.26","21","2001","아파트",126,1,3
1386,"55000","44.83","4","2012","연립다세대",173,3,1
1387,"353000","192.33","","1988","단독다가구",1057,1,3
1388,"214500","59.93","19","2016","아파트",126,1,3
1389,"353000","192.33","","1988","단독다가구",1057,1,3
1390,"83000","36.48","3","1990","연립다세대",778,2,7
1391,"167000","114.46","12","1996","아파트",126,1,3
1392,"163500","59.97","9","1994","아파트",53,0,0
1393,"19000","14.11","6","2015","아파트",155,1,4
1394,"117000","219.38","","1993","단독다가구",92,2,4
1395,"75000","81.46","4","2010","연립다세대",37,1,2
1396,"42500","56.85","1","1994","연립다세대",37,1,2
1397,"11950","21.95","7","2016","오피스텔",173,3,1
1398,"80000","40.71","1","1988","연립다세대",37,1,2
1399,"178500","59.966","3","2012","아파트",53,0,0
1400,"108500","84.945","2","2000","아파트",75,0,1
1401,"17700","27.6","7","2004","오피스텔",522,5,5
1402,"164000","59.96","4","2000","아파트",522,5,5
1403,"290000","113.52","2","2012","아파트",92,2,4
1404,"290000","113.52","2","2012","아파트",92,2,4
1405,"950000","135","","1970","단독다가구",1057,1,3
1406,"135000","80.89","10","2004","아파트",1057,1,3
1407,"249000","62.08","3","1978","아파트",1057,1,3
1408,"950000","135","","1970","단독다가구",1057,1,3
1409,"175000","58.71","5","2003","연립다세대",1057,1,3
1410,"147000","64.23","4","2003","연립다세대",1057,1,3
1411,"50000","25.09","2","2023","연립다세대",173,3,1
1412,"290000","84.952","7","2002","아파트",778,2,7
1413,"190000","84.99","7","2017","아파트",126,1,3
1414,"15000","18.33","6","2013","오피스텔",1057,1,3
1415,"226000","117.174","2","2003","아파트",1057,1,3
1416,"27500","28.49","3","2014","연립다세대",47,0,0
1417,"102000","119.32","","1990","단독다가구",37,1,2
1418,"226000","117.174","2","2003","아파트",1057,1,3
1419,"205000","59.7","12","1999","아파트",92,2,4
1420,"13500","21.9","6","2016","오피스텔",173,3,1
1421,"17000","14.36","4","2003","연립다세대",36,1,4
1422,"360000","324.54","","1993","단독다가구",1057,1,3
1423,"293000","129.63","","1992","단독다가구",1057,1,3
1424,"18500","30.81","11","2003","오피스텔",14,0,0
1425,"158000","84.53","1","1989","아파트",19,1,2
1426,"15000","18.33","2","2013","오피스텔",1057,1,3
1427,"46000","27.85","6","2017","연립다세대",1057,1,3
1428,"96000","61.26","","1974","단독다가구",173,3,1
1429,"680000","135.21","","1978","단독다가구",778,2,7
1430,"140000","84.71","7","2004","아파트",155,1,4
1431,"55000","22.34","5","2025","연립다세대",173,3,1
1432,"137500","84.71","16","2004","아파트",155,1,4
1433,"239000","142.26","9","1986","아파트",92,2,4
1434,"207000","165.29","","1982","단독다가구",53,0,0
1435,"207000","165.29","","1982","단독다가구",53,0,0
1436,"13500","18.76","3","2012","연립다세대",1057,1,3
1437,"164000","59.9","5","2001","아파트",37,1,2
1438,"115000","84.495","1","1996","아파트",126,1,3
1439,"128500","59.91","26","1998","아파트",155,1,4
1440,"34500","35.36","-1","1995","연립다세대",37,1,2
1441,"45000","35.36","1","1995","연립다세대",37,1,2
1442,"49000","33.24","3","1998","연립다세대",37,1,2
1443,"12400","21.9","6","2016","오피스텔",173,3,1
1444,"55000","21.51","3","2023","연립다세대",173,3,1
1445,"51700","55.61","1","2000","연립다세대",19,1,2
1446,"167500","84.82","3","2001","아파트",37,1,2
1447,"59800","27.87","3","2021","연립다세대",173,3,1
1448,"30400","16.8","9","null","오피스텔",778,2,7
1449,"132020","78.935","2","0","아파트",173,3,1
1450,"37000","16.8","9","null","오피스텔",778,2,7
1451,"30400","16.8","9","null","오피스텔",778,2,7
1452,"208000","114.33","7","2011","아파트",522,5,5
1453,"159000","59.99","8","2005","아파트",53,0,0
1454,"165000","59.9","5","2001","아파트",37,1,2
1455,"200000","114.57","14","2001","아파트",37,1,2
1456,"14000","23.42","6","2011","오피스텔",126,1,3
1457,"19200","20.35","4","2018","오피스텔",77,0,0
1458,"52500","49.09","3","2006","연립다세대",53,0,0
1459,"194500","114.94","14","2000","아파트",522,5,5
1460,"37950","43.41","4","2015","오피스텔",778,2,7
1461,"36000","16.72","4","2012","연립다세대",173,3,1
1462,"94000","112.18","","1988","단독다가구",37,1,2
1463,"290000","286.75","","1994","단독다가구",778,2,7
1464,"290000","286.75","","1994","단독다가구",778,2,7
1465,"27000","18.39","7","2022","오피스텔",77,0,0
1466,"143870","40.94","26","2016","아파트",126,1,3
1467,"166500","84.417","14","2004","아파트",126,1,3
1468,"190000","79.8","2","1990","아파트",19,1,2
1469,"171000","59.94","6","2003","아파트",522,5,5
1470,"36828","34.78","3","2023","오피스텔",173,3,1
1471,"37039","34.98","5","2023","오피스텔",173,3,1
1472,"37326","34.78","7","2023","오피스텔",173,3,1
1473,"37411","34.98","9","2023","오피스텔",173,3,1
1474,"37675","34.98","9","2023","오피스텔",173,3,1
1475,"37077","34.78","5","2023","오피스텔",173,3,1
1476,"37698","34.78","13","2023","오피스텔",173,3,1
1477,"37291","34.98","8","2023","오피스텔",173,3,1
1478,"37543","34.98","8","2023","오피스텔",173,3,1
1479,"37675","34.98","12","2023","오피스텔",173,3,1
1480,"37291","34.98","7","2023","오피스텔",173,3,1
1481,"37543","34.98","7","2023","오피스텔",173,3,1
1482,"37159","34.98","6","2023","오피스텔",173,3,1
1483,"37676","34.98","14","2023","오피스텔",173,3,1
1484,"37039","34.98","3","2023","오피스텔",173,3,1
1485,"37423","34.98","6","2023","오피스텔",173,3,1
1486,"37675","34.98","11","2023","오피스텔",173,3,1
1487,"37209","34.78","6","2023","오피스텔",173,3,1
1488,"37326","34.78","8","2023","오피스텔",173,3,1
1489,"37543","34.98","10","2023","오피스텔",173,3,1
1490,"36790","34.98","3","2023","오피스텔",173,3,1
1491,"36945","34.78","4","2023","오피스텔",173,3,1
1492,"37159","34.98","4","2023","오피스텔",173,3,1
1493,"36922","34.98","4","2023","오피스텔",173,3,1
1494,"37291","34.98","5","2023","오피스텔",173,3,1
1495,"249000","84.767","6","2004","아파트",92,2,4
1496,"173000","59.916","6","2012","아파트",53,0,0
1497,"271500","84.86","7","1998","아파트",92,2,4
1498,"36000","29.78","2","null","오피스텔",778,2,7
1499,"131000","84.96","21","2001","아파트",126,1,3
1500,"162800","59.9","3","2001","아파트",37,1,2
1501,"329000","149.39","2","1982","아파트",92,2,4
1502,"168700","164.86","20","1998","아파트",155,1,4
1503,"119000","57.16","9","2003","아파트",92,2,4
1504,"131000","40.94","26","2016","아파트",126,1,3
1505,"54700","19.01","2","2023","연립다세대",173,3,1
1506,"135000","124.57","","1973","단독다가구",75,0,1
1507,"63500","166.05","","1993","단독다가구",126,1,3
1508,"1500000","223.34","","1969","단독다가구",1057,1,3
1509,"370000","249.95","","1984","단독다가구",778,2,7
1510,"155000","84.67","6","2004","아파트",778,2,7
1511,"370000","249.95","","1984","단독다가구",778,2,7
1512,"40000","45.52","3","1994","연립다세대",19,1,2
1513,"97000","71.34","7","2006","아파트",77,0,0
1916,"213000","443.99","","1992","단독다가구",77,0,0
1514,"35000","41.6","1","1986","연립다세대",126,1,3
1515,"155000","59.902","25","0","아파트",173,3,1
1516,"155000","59.902","25","0","아파트",173,3,1
1517,"203000","78.935","15","0","아파트",173,3,1
1518,"50000","34.85","3","1994","연립다세대",37,1,2
1519,"35000","44.14","2","1995","연립다세대",19,1,2
1520,"180000","59.13","10","1990","아파트",778,2,7
1521,"192000","59.76","14","1997","아파트",778,2,7
1522,"186000","59.7","1","1999","아파트",92,2,4
1523,"230000","84.822","10","1999","아파트",92,2,4
1524,"150000","84.99","8","2003","아파트",37,1,2
1525,"135500","25.328","20","2017","아파트",778,2,7
1526,"25000","26.28","-1","1991","연립다세대",36,1,4
1527,"40000","49.82","-1","1994","연립다세대",19,1,2
1528,"209000","84.93","8","2014","아파트",14,0,0
1529,"71000","32.04","9","null","오피스텔",778,2,7
1530,"164500","59.9","3","2001","아파트",37,1,2
1531,"149900","84.33","5","2001","아파트",126,1,3
1532,"147000","59.99","4","2005","아파트",53,0,0
1533,"39800","39.15","5","2004","오피스텔",778,2,7
1534,"39800","39.15","5","2004","오피스텔",778,2,7
1535,"149500","59.97","6","1994","아파트",53,0,0
1536,"760000","494.56","","1991","단독다가구",1057,1,3
1537,"470000","344.03","","1988","단독다가구",778,2,7
1538,"129000","59.94","14","1998","아파트",155,1,4
1539,"188000","84.71","18","2000","아파트",522,5,5
1540,"470000","344.03","","1988","단독다가구",778,2,7
1541,"185000","84.99","6","2017","아파트",126,1,3
1542,"221000","59.98","7","2016","아파트",36,0,1
1543,"760000","494.56","","1991","단독다가구",1057,1,3
1544,"120000","84.93","18","2006","아파트",77,0,0
1545,"198000","84.838","7","2007","아파트",37,1,2
1546,"120000","84.93","18","2006","아파트",77,0,0
1547,"205000","59.98","11","2016","아파트",36,0,1
1548,"200000","114.97","1","2003","아파트",522,5,5
1549,"165000","84.94","8","1996","아파트",126,1,3
1550,"185000","59.76","7","1997","아파트",778,2,7
1551,"275000","114.8","6","2007","아파트",37,1,2
1552,"16000","19.4","5","2012","연립다세대",1057,1,3
1553,"148000","84.93","13","1986","아파트",155,1,4
1554,"179500","84.82","3","2001","아파트",37,1,2
1555,"163000","59.9","12","2001","아파트",37,1,2
1556,"92000","72.84","12","1986","아파트",155,1,4
1557,"179500","84.82","3","2001","아파트",37,1,2
1558,"59000","48.93","-1","1986","연립다세대",37,1,2
1559,"54000","29.84","3","2012","연립다세대",173,3,1
1560,"109000","59.94","16","1997","아파트",522,5,5
1561,"210000","81.567","17","2003","아파트",1057,1,3
1562,"314500","134.13","7","2012","아파트",92,2,4
1563,"190500","84.71","12","2000","아파트",522,5,5
1564,"124700","110.08","13","2000","아파트",75,0,1
1565,"276500","144.86","","1974","단독다가구",19,1,2
1566,"169000","84.99","11","1995","아파트",522,5,5
1567,"123500","59.97","1","1995","아파트",522,5,5
1568,"32200","60.82","12","2006","오피스텔",173,3,1
1569,"163000","59.9","8","2001","아파트",37,1,2
1570,"330000","84.6","9","1995","아파트",1057,1,3
1571,"58500","19.28","4","2023","연립다세대",173,3,1
1572,"127500","194.28","","1993","단독다가구",173,3,1
1573,"66000","105.04","","1991","단독다가구",53,0,0
1574,"120000","59.94","6","1997","아파트",522,5,5
1575,"49500","33.75","-1","1996","연립다세대",37,1,2
1576,"127000","70.17","6","2006","아파트",1057,1,3
1577,"70000","31.869","5","2023","연립다세대",522,5,5
1578,"112000","59.94","1","1998","아파트",155,1,4
1579,"159500","59.97","7","1994","아파트",53,0,0
1580,"155000","59.83","8","1999","아파트",778,2,7
1581,"177000","84.87","12","2000","아파트",522,5,5
1582,"60000","43.71","2","2022","연립다세대",126,1,3
1583,"630000","84.54","47","2017","아파트",778,2,7
1584,"167000","59.94","6","2003","아파트",522,5,5
1585,"60000","29.27","4","2022","연립다세대",36,1,4
1586,"169500","59.99","7","2009","아파트",522,5,5
1587,"179000","84.87","5","2000","아파트",522,5,5
1588,"160000","59.96","15","2000","아파트",522,5,5
1589,"210000","75.51","6","1986","아파트",19,1,2
1590,"127500","59.4","4","2001","아파트",126,1,3
1591,"154000","59.97","3","1994","아파트",53,0,0
1592,"226000","59.25","3","2012","아파트",92,2,4
1593,"177000","69.21","2","1990","아파트",778,2,7
1594,"60000","29.27","4","2022","연립다세대",36,1,4
1595,"111000","84.545","9","1995","아파트",173,3,1
1596,"55000","51.18","5","2016","연립다세대",75,0,1
1597,"140000","84.97","17","2001","아파트",126,1,3
1598,"150000","136.66","","1973","단독다가구",75,0,1
1599,"220000","84.925","1","2012","아파트",37,1,2
1600,"16750","18.02","4","2012","연립다세대",1057,1,3
1601,"35500","49.84","3","1986","연립다세대",126,1,3
1602,"19000","13.72","10","2020","아파트",126,1,3
1603,"54000","29.84","2","2012","연립다세대",173,3,1
1604,"154000","84.22","10","1992","아파트",778,2,7
1605,"101500","84.545","8","1995","아파트",173,3,1
1606,"278000","114.55","29","2014","아파트",522,5,5
1607,"15800","24.84","9","2003","오피스텔",1057,1,3
1608,"188000","84.95","15","2003","아파트",522,5,5
1609,"100000","123.22","","1972","단독다가구",75,0,1
1610,"144500","114.46","6","1996","아파트",126,1,3
1611,"155000","114.46","18","1996","아파트",126,1,3
1612,"165000","114.46","13","1996","아파트",126,1,3
1613,"14700","21.56","7","2011","오피스텔",126,1,3
1614,"55000","19.88","2","2023","연립다세대",173,3,1
1615,"150000","43.36","4","2015","연립다세대",53,0,0
1616,"170000","114.96","4","1995","아파트",522,5,5
1617,"190000","84.99","11","2009","아파트",522,5,5
1618,"220000","84.88","8","2015","아파트",126,1,3
1619,"54000","34.36","2","2012","연립다세대",173,3,1
1620,"40000","38.61","-1","1988","연립다세대",522,5,5
1621,"27850","41.2","-1","1994","연립다세대",53,0,0
1622,"61500","29.74","2","2023","연립다세대",173,3,1
1623,"146500","59.91","8","1989","아파트",19,1,2
1624,"15400","12.46","3","2011","연립다세대",77,0,0
1625,"148000","114.59","3","1989","아파트",126,1,3
1626,"44500","54.49","4","2004","연립다세대",19,1,2
1627,"141000","84.91","20","1998","아파트",155,1,4
1628,"96000","51.64","4","1992","연립다세대",778,2,7
1629,"133000","59.4","21","2001","아파트",126,1,3
1630,"40000","102.6","","1993","단독다가구",36,0,1
1631,"70000","59.94","9","2007","아파트",173,3,1
1632,"262000","84.98","27","2018","아파트",522,5,5
1633,"96000","51.64","4","1992","연립다세대",778,2,7
1634,"134900","81.02","11","2004","아파트",1057,1,3
1635,"119000","84.495","8","1996","아파트",126,1,3
1636,"15000","18.33","2","2013","오피스텔",1057,1,3
1637,"130000","59.97","7","1996","아파트",19,1,2
1638,"152700","84.81","15","1996","아파트",19,1,2
1639,"570000","206","","1986","단독다가구",1057,1,3
1640,"99000","59.83","12","2000","아파트",75,0,1
1641,"170000","59.96","21","2000","아파트",522,5,5
1642,"209000","84.98","14","2003","아파트",778,2,7
1643,"130000","59.97","7","1996","아파트",19,1,2
1644,"164000","84.53","11","1989","아파트",19,1,2
1645,"125000","59.91","12","1998","아파트",155,1,4
1646,"170000","84.82","4","2001","아파트",37,1,2
1647,"9800","26.95","5","1991","오피스텔",173,3,1
1648,"9800","26.95","5","1991","오피스텔",173,3,1
1649,"96000","59.83","11","2000","아파트",75,0,1
1650,"154000","107.55","","1994","단독다가구",53,0,0
1651,"175000","84.838","1","2007","아파트",37,1,2
1652,"35500","29.28","11","2022","오피스텔",77,0,0
1653,"160100","59.96","11","2000","아파트",522,5,5
1654,"19800","20.64","5","2012","연립다세대",1057,1,3
1655,"123000","84.71","16","2000","아파트",522,5,5
1656,"16000","12.18","4","2011","연립다세대",77,0,0
1657,"15900","12.24","3","2011","연립다세대",77,0,0
1658,"170000","219.26","","1989","단독다가구",522,5,5
1659,"41000","28.41","11","2022","오피스텔",77,0,0
1660,"188000","81.22","2","1978","연립다세대",778,2,7
1661,"123500","40.94","27","2016","아파트",126,1,3
1662,"192500","72.52","7","2015","아파트",126,1,3
1663,"130000","84.71","22","2004","아파트",155,1,4
1664,"59000","44.28","2","2015","연립다세대",1057,1,3
1665,"135000","84.01","2","2001","아파트",1057,1,3
1666,"308000","144.39","","1970","단독다가구",1057,1,3
1667,"440000","174.06","","1994","단독다가구",778,2,7
1668,"149000","56.97","2","1994","아파트",778,2,7
1669,"80000","70.78","3","2009","연립다세대",19,1,2
1670,"16800","28.08","8","2003","오피스텔",1057,1,3
1671,"249900","148.23","11","1986","아파트",92,2,4
1672,"160000","84.92","13","1997","아파트",92,2,4
1673,"220000","84.699","2","2011","아파트",92,2,4
1674,"53000","73.43","1","2003","연립다세대",155,1,4
1675,"54400","34.36","3","2012","연립다세대",173,3,1
1676,"189000","84.98","10","2010","아파트",37,1,2
1677,"55000","19.01","3","2023","연립다세대",173,3,1
1678,"800000","580.32","","1995","단독다가구",1057,1,3
1679,"163500","59.9","18","2001","아파트",37,1,2
1680,"190000","114.57","13","2001","아파트",37,1,2
1681,"275000","84.3","7","2016","아파트",92,2,4
1682,"65200","59.02","3","2016","아파트",75,0,1
1683,"170500","84.74","1","2011","아파트",522,5,5
1684,"210000","59.98","18","2016","아파트",36,0,1
1685,"200000","84.71","19","2001","아파트",37,1,2
1686,"250000","126.66","5","1986","아파트",19,1,2
1687,"188600","168.89","","1990","단독다가구",53,0,0
1688,"800000","580.32","","1995","단독다가구",1057,1,3
1689,"67000","49.06","4","2018","연립다세대",1057,1,3
1690,"20000","18.06","2","2015","아파트",155,1,4
1691,"443000","82.52","","1977","단독다가구",778,2,7
1692,"480000","177.12","14","1982","아파트",92,2,4
1693,"143800","84.93","18","1996","아파트",155,1,4
1694,"80000","84.15","3","2004","연립다세대",173,3,1
1695,"47000","48.19","5","2015","연립다세대",155,1,4
1696,"217000","84.9","5","1990","아파트",92,2,4
1697,"172500","59.76","16","2001","아파트",19,1,2
1698,"154000","84.92","1","1997","아파트",92,2,4
1699,"49500","58.43","3","2001","연립다세대",75,0,1
1700,"24500","33.84","2","1997","연립다세대",37,1,2
1701,"82800","71.85","14","1989","아파트",36,1,4
1702,"30000","41.46","2","2000","연립다세대",37,1,2
1703,"30000","41.46","2","2000","연립다세대",37,1,2
1704,"618000","140.309","6","2017","아파트",778,2,7
1705,"45000","29.81","3","2017","연립다세대",1057,1,3
1706,"279000","114.666","9","1999","아파트",92,2,4
1707,"264000","84.92","8","2016","아파트",92,2,4
1708,"24500","55.761","11","1998","오피스텔",77,0,0
1709,"27500","24.93","3","2004","연립다세대",36,1,4
1710,"134500","84.87","2","2009","아파트",75,0,1
1711,"45000","59.91","1","1993","연립다세대",19,1,2
1712,"15000","18.33","2","2013","오피스텔",1057,1,3
1713,"156000","59.96","12","2000","아파트",522,5,5
1714,"156000","59.96","12","2000","아파트",522,5,5
1715,"240000","157.29","21","2014","아파트",14,0,0
1716,"222000","127.44","9","2014","아파트",14,0,0
1717,"155000","59.97","9","1994","아파트",53,0,0
1718,"149500","58.32","6","1999","아파트",778,2,7
1719,"110000","203.29","","1993","단독다가구",53,0,0
1720,"207000","84.721","4","2003","아파트",778,2,7
1721,"45000","36.36","-1","1994","연립다세대",37,1,2
1722,"130000","59.94","6","1997","아파트",1057,1,3
1723,"13300","19.88","14","2016","오피스텔",173,3,1
1724,"239000","84.87","9","2007","아파트",37,1,2
1725,"204000","75.51","6","1986","아파트",19,1,2
1726,"178000","84.71","4","2000","아파트",522,5,5
1727,"20500","29.4","1","1998","연립다세대",37,1,2
1728,"29250","60.59","4","2006","오피스텔",173,3,1
1729,"35000","38.22","1","1994","연립다세대",19,1,2
1730,"160000","59.96","12","2000","아파트",522,5,5
1731,"205000","59.98","6","2016","아파트",36,0,1
1732,"28500","23.61","15","2017","오피스텔",77,0,0
1733,"19300","21.91","6","2006","오피스텔",522,5,5
1734,"96500","59.83","15","2000","아파트",75,0,1
1735,"109000","84.945","20","2000","아파트",75,0,1
1736,"62000","25.09","2","2023","연립다세대",173,3,1
1737,"16900","26.13","6","2004","오피스텔",778,2,7
1738,"24500","29.43","7","2006","오피스텔",522,5,5
1739,"62000","25.09","2","2023","연립다세대",173,3,1
1740,"39000","32.24","-1","1993","연립다세대",37,1,2
1741,"240000","59.78","3","2016","아파트",92,2,4
1742,"377000","114.78","19","1998","아파트",92,2,4
1743,"151000","84.93","12","1996","아파트",155,1,4
1744,"26000","17.64","2","2004","연립다세대",36,1,4
1745,"210000","84.71","19","2001","아파트",37,1,2
1746,"17500","28.08","9","2003","오피스텔",1057,1,3
1747,"150000","52.99","2","1993","연립다세대",53,0,0
1748,"185000","84.82","8","2001","아파트",37,1,2
1749,"185000","84.82","8","2001","아파트",37,1,2
1750,"220000","59.4","13","1994","아파트",778,2,7
1751,"28500","23.73","10","2020","연립다세대",173,3,1
1752,"210000","84.71","19","2001","아파트",37,1,2
1753,"152500","76.41","6","1995","아파트",522,5,5
1754,"28500","23.73","10","2020","연립다세대",173,3,1
1755,"220000","59.4","13","1994","아파트",778,2,7
1756,"28500","23.73","10","2020","연립다세대",173,3,1
1757,"17500","28.08","9","2003","오피스텔",1057,1,3
1758,"62000","43.76","-1","1989","연립다세대",36,0,1
1759,"212000","104.56","7","2003","아파트",1057,1,3
1760,"202000","116.81","12","1994","아파트",53,0,0
1761,"187500","84.45","9","2001","아파트",37,1,2
1762,"26000","23.58","8","2017","오피스텔",77,0,0
1763,"182000","84.95","17","2003","아파트",522,5,5
1764,"548000","526.01","","1996","단독다가구",1057,1,3
1765,"339000","143.09","","1970","단독다가구",1057,1,3
1766,"130000","84.957","8","2009","아파트",126,1,3
1767,"44300","59.63","4","2004","연립다세대",53,0,0
1768,"28000","43.24","2","1997","연립다세대",37,1,2
1769,"137000","59.507","11","2023","아파트",37,1,2
1770,"39000","64.98","1","2003","연립다세대",522,5,5
1771,"24900","29.54","2","2004","오피스텔",92,2,4
1772,"26500","16.72","4","2012","연립다세대",173,3,1
1773,"15000","22.82","4","2011","오피스텔",126,1,3
1774,"80000","71.85","6","1989","아파트",36,1,4
1775,"52800","36.27","3","2012","연립다세대",173,3,1
1776,"52800","36.27","2","2012","연립다세대",173,3,1
1777,"219000","59.97","3","2018","아파트",522,5,5
1778,"245000","84.932","17","2019","아파트",37,1,2
1779,"260000","148.23","12","1986","아파트",92,2,4
1780,"208000","59.98","15","2016","아파트",36,0,1
1781,"123800","59.97","5","1996","아파트",19,1,2
1782,"26000","20.79","3","2004","연립다세대",36,1,4
1783,"30500","24.84","2","2023","연립다세대",173,3,1
1784,"15000","22.82","4","2011","오피스텔",126,1,3
1785,"170000","85","4","2008","연립다세대",53,0,0
1786,"15000","18.33","3","2013","오피스텔",1057,1,3
1787,"125000","59.97","8","1996","아파트",19,1,2
1788,"25246","14.21","5","2014","연립다세대",1057,1,3
1789,"25246","14.21","4","2014","연립다세대",1057,1,3
1790,"25246","14.21","3","2014","연립다세대",1057,1,3
1791,"24944","14.04","3","2014","연립다세대",1057,1,3
1792,"25246","14.21","2","2014","연립다세대",1057,1,3
1793,"26383","14.85","5","2014","연립다세대",1057,1,3
1794,"160000","84.897","7","2016","아파트",126,1,3
1795,"26383","14.85","2","2014","연립다세대",1057,1,3
1796,"24944","14.04","4","2014","연립다세대",1057,1,3
1797,"24944","14.04","5","2014","연립다세대",1057,1,3
1798,"26383","14.85","5","2014","연립다세대",1057,1,3
1799,"24944","14.04","2","2014","연립다세대",1057,1,3
1800,"26383","14.85","4","2014","연립다세대",1057,1,3
1801,"26383","14.85","2","2014","연립다세대",1057,1,3
1802,"26383","14.85","3","2014","연립다세대",1057,1,3
1803,"30043","16.91","2","2014","연립다세대",1057,1,3
1804,"30043","16.91","5","2014","연립다세대",1057,1,3
1805,"30043","16.91","4","2014","연립다세대",1057,1,3
1806,"26383","14.85","4","2014","연립다세대",1057,1,3
1807,"30043","16.91","3","2014","연립다세대",1057,1,3
1808,"207000","35.444","16","2017","아파트",778,2,7
1809,"26383","14.85","3","2014","연립다세대",1057,1,3
1810,"184200","329.73","","1997","단독다가구",522,5,5
1811,"93000","148.98","","1986","단독다가구",36,0,1
1812,"168000","37.02","","1972","단독다가구",53,0,0
1813,"25000","31.4","3","2015","연립다세대",75,0,1
1814,"194000","114.62","24","2000","아파트",522,5,5
1815,"207000","35.444","16","2017","아파트",778,2,7
1816,"24000","35.32","2","1995","연립다세대",37,1,2
1817,"107100","79.08","13","1994","아파트",53,0,0
1818,"680000","135.21","","1978","단독다가구",778,2,7
1819,"185000","81.48","9","1994","아파트",778,2,7
1820,"209500","64.95","5","2018","아파트",37,1,2
1821,"680000","135.21","","1978","단독다가구",778,2,7
1822,"197000","59.59","6","2016","아파트",126,1,3
1823,"209000","59.95","25","2016","아파트",126,1,3
1824,"197000","59.98","10","2016","아파트",36,0,1
1825,"60000","49.45","3","1975","아파트",92,2,4
1826,"19000","27.02","3","2003","오피스텔",778,2,7
1827,"190000","84.9","1","1990","아파트",92,2,4
1828,"188000","63.13","12","1990","아파트",92,2,4
1829,"79000","75.72","2","1993","연립다세대",92,2,4
1830,"24000","27.01","10","2004","오피스텔",92,2,4
1831,"147000","84.81","12","1996","아파트",19,1,2
1832,"130000","59.97","10","1996","아파트",19,1,2
1833,"90000","75.48","4","2003","연립다세대",778,2,7
1834,"189000","84.71","10","2001","아파트",37,1,2
1835,"53700","21.38","2","2023","연립다세대",173,3,1
1836,"80000","77.41","2","1984","연립다세대",155,1,4
1837,"40000","28.425","3","2017","연립다세대",778,2,7
1838,"150000","84.96","3","1995","아파트",522,5,5
1839,"293000","129.63","","1992","단독다가구",1057,1,3
1840,"98500","84.6","7","1999","아파트",1057,1,3
1841,"122000","59.7","10","2004","아파트",155,1,4
1842,"160000","84.92","19","1997","아파트",92,2,4
1843,"64000","29.95","5","2023","연립다세대",126,1,3
1844,"203000","81.567","13","2003","아파트",1057,1,3
1845,"98500","84.6","7","1999","아파트",1057,1,3
1846,"64000","29.95","5","2023","연립다세대",126,1,3
1847,"17000","27.54","11","2005","오피스텔",126,1,3
1848,"233000","84.822","9","1999","아파트",92,2,4
1849,"180000","148.23","2","1986","아파트",92,2,4
1850,"123500","59.91","28","1998","아파트",155,1,4
1851,"110000","61.39","","1964","단독다가구",36,0,1
1852,"180000","148.23","2","1986","아파트",92,2,4
1853,"45000","50.4","4","1995","연립다세대",19,1,2
1854,"160000","166.87","","1973","단독다가구",75,0,1
1855,"160000","84.92","13","1997","아파트",92,2,4
1856,"10100","26.25","6","1991","오피스텔",173,3,1
1857,"148000","59.9","6","2001","아파트",37,1,2
1858,"169000","59.81","9","2011","아파트",522,5,5
1859,"108000","40.86","10","1986","아파트",155,1,4
1860,"149500","84.93","4","1986","아파트",155,1,4
1861,"325000","224.09","2","2004","아파트",92,2,4
1862,"139000","134.79","4","1998","아파트",155,1,4
1863,"132000","25.328","11","2017","아파트",778,2,7
1864,"16300","18.36","5","2018","아파트",36,1,4
1865,"110000","59.97","6","1996","아파트",19,1,2
1866,"238000","84.77","28","2016","아파트",126,1,3
1867,"144000","84.67","11","2004","아파트",778,2,7
1868,"59000","53.97","6","2015","연립다세대",75,0,1
1869,"123000","118.94","","1972","단독다가구",522,5,5
1870,"248000","84.98","27","2016","아파트",126,1,3
1871,"105000","84.99","9","2006","아파트",77,0,0
1872,"20000","16.03","2","2003","연립다세대",36,1,4
1873,"45000","36.53","1","1993","연립다세대",37,1,2
1874,"123000","118.94","","1972","단독다가구",522,5,5
1875,"119000","59.94","9","1998","아파트",155,1,4
1876,"130000","84.87","4","2009","아파트",75,0,1
1877,"173000","59.916","8","2012","아파트",53,0,0
1878,"92000","59.52","2","2003","연립다세대",778,2,7
1879,"185000","114.57","4","2001","아파트",37,1,2
1880,"108000","60","14","1999","아파트",155,1,4
1881,"54500","21.51","2","2023","연립다세대",173,3,1
1882,"72000","60.4","10","2017","아파트",155,1,4
1883,"135000","84.24","4","2006","아파트",1057,1,3
1884,"21000","27.02","4","2003","오피스텔",778,2,7
1885,"142000","51.91","17","2017","아파트",126,1,3
1886,"60000","29.3","4","2016","연립다세대",53,0,0
1887,"21500","27.01","3","2004","오피스텔",92,2,4
1888,"38000","53.2","1","1998","연립다세대",19,1,2
1889,"30600","28.98","1","1993","연립다세대",19,1,2
1890,"35000","35.19","1","1994","연립다세대",19,1,2
1891,"24500","33.75","3","1993","연립다세대",37,1,2
1892,"152000","59.91","6","1990","아파트",19,1,2
1893,"108000","84.971","9","2002","아파트",75,0,1
1894,"179800","114.32","18","1997","아파트",92,2,4
1895,"48000","29.94","6","2020","연립다세대",1057,1,3
1896,"165000","59.76","10","2001","아파트",19,1,2
1897,"120000","58.32","1","1999","아파트",778,2,7
1898,"208000","110.58","","1973","단독다가구",1057,1,3
1899,"114000","59.82","11","1999","아파트",1057,1,3
1900,"40000","49.38","1","1996","연립다세대",37,1,2
1901,"207000","114.97","4","2003","아파트",522,5,5
1902,"161000","59.98","10","2003","아파트",19,1,2
1903,"16300","28.08","4","2003","오피스텔",1057,1,3
1904,"113500","59.94","6","1998","아파트",155,1,4
1905,"29500","38.61","2","1986","연립다세대",77,0,0
1906,"15200","18.33","6","2013","오피스텔",1057,1,3
1907,"170000","84.82","6","2001","아파트",37,1,2
1908,"22000","17.07","3","2003","연립다세대",36,1,4
1909,"27500","24.93","2","2004","연립다세대",36,1,4
1910,"90000","72.84","12","1986","아파트",155,1,4
1911,"150000","59.96","9","2000","아파트",522,5,5
1912,"202000","84.686","3","2003","아파트",1057,1,3
1913,"142000","51.91","6","2017","아파트",126,1,3
1914,"169800","84.82","1","2001","아파트",37,1,2
1915,"235000","59.862","9","2012","아파트",37,1,2
1917,"113000","84.495","3","1996","아파트",126,1,3
1918,"139000","59.507","12","2023","아파트",37,1,2
1919,"24000","23.32","7","2018","오피스텔",77,0,0
1920,"164500","59.96","22","2000","아파트",522,5,5
1921,"15200","25.74","12","2003","오피스텔",14,0,0
1922,"44500","35.43","2","1995","연립다세대",37,1,2
1923,"138000","193.62","","1988","단독다가구",522,5,5
1924,"15700","24.84","7","2003","오피스텔",1057,1,3
1925,"189000","114.62","4","2000","아파트",522,5,5
1926,"120000","58.23","2","1989","연립다세대",778,2,7
1927,"120000","58.23","2","1989","연립다세대",778,2,7
1928,"120000","58.23","2","1989","연립다세대",778,2,7
1929,"240000","113.71","8","1986","아파트",19,1,2
1930,"19000","30.81","15","2003","오피스텔",14,0,0
1931,"161500","59.96","14","2000","아파트",522,5,5
1932,"29000","40.42","10","2009","오피스텔",77,0,0
1933,"36000","36.99","3","2016","연립다세대",155,1,4
1934,"167000","68.58","2","1986","아파트",92,2,4
1935,"158000","84.897","14","2016","아파트",126,1,3
1936,"42000","59.7","1","1997","연립다세대",37,1,2
1937,"24000","23.32","9","2018","오피스텔",77,0,0
1938,"165500","59.91","12","2003","아파트",522,5,5
1939,"55000","52.67","2","1994","연립다세대",37,1,2
1940,"45000","57.78","1","1995","연립다세대",19,1,2
1941,"122000","59.97","8","1996","아파트",19,1,2
1942,"106500","60","4","1999","아파트",155,1,4
1943,"45000","57.78","1","1995","연립다세대",19,1,2
1944,"578000","84.821","33","2017","아파트",778,2,7
1945,"225000","59.88","4","2016","아파트",92,2,4
1946,"225000","59.88","4","2016","아파트",92,2,4
1947,"162500","59.81","3","2011","아파트",522,5,5
1948,"30500","32.34","2","1998","연립다세대",19,1,2
1949,"172000","68.58","13","1986","아파트",92,2,4
1950,"56500","44.28","3","2015","연립다세대",1057,1,3
1951,"95000","96.2","","1988","단독다가구",522,5,5
1952,"101500","84.484","8","2022","아파트",75,0,1
1953,"260000","84.96","25","2018","아파트",522,5,5
1954,"16600","28.08","3","2003","오피스텔",1057,1,3
1955,"16600","28.08","3","2003","오피스텔",1057,1,3
1956,"70000","75.6","2","2003","연립다세대",778,2,7
1957,"160000","79.8","8","1990","아파트",19,1,2
1958,"166000","79.8","14","1990","아파트",19,1,2
1959,"101500","84.484","8","2022","아파트",75,0,1
1960,"129300","134.79","12","1998","아파트",155,1,4
1961,"150000","53.56","5","2015","연립다세대",53,0,0
1962,"22000","26.22","5","2006","오피스텔",522,5,5
1963,"155000","84.97","15","2006","아파트",155,1,4
1964,"293500","114.771","8","2012","아파트",37,1,2
1965,"120000","152.1","","1986","단독다가구",75,0,1
1966,"416500","296.58","","1996","단독다가구",1057,1,3
1967,"80000","71.85","15","1989","아파트",36,1,4
1968,"150000","84.96","1","2005","아파트",53,0,0
1969,"68000","59.94","3","2007","아파트",173,3,1
1970,"200000","59.95","7","2016","아파트",126,1,3
1971,"270000","84.3","2","2016","아파트",92,2,4
1972,"120000","40.94","27","2016","아파트",126,1,3
1973,"130000","84.87","7","2009","아파트",75,0,1
1974,"830000","659.67","","1991","단독다가구",1057,1,3
1975,"410000","199.44","","1993","단독다가구",1057,1,3
1976,"153000","79.8","1","1990","아파트",19,1,2
1977,"50000","49.8","3","1992","연립다세대",37,1,2
1978,"65000","84.945","16","2000","아파트",75,0,1
1979,"40400","32.49","3","2014","오피스텔",522,5,5
1980,"59500","56.93","2","1982","연립다세대",155,1,4
1981,"234000","84.99","8","2016","아파트",126,1,3
1982,"69000","142.56","","1983","단독다가구",77,0,0
1983,"80000","48.93","","1960","단독다가구",126,1,3
1984,"120000","152.37","","1988","단독다가구",126,1,3
1985,"87000","85.17","","1972","단독다가구",75,0,1
1986,"140000","84.73","10","1990","아파트",778,2,7
1987,"54000","49.36","5","1996","연립다세대",37,1,2
1988,"89000","65.22","","1973","단독다가구",173,3,1
1989,"108700","84.74","16","2006","아파트",77,0,0
1990,"56000","27.47","1","2023","연립다세대",173,3,1
1991,"94500","83.453","3","2022","아파트",75,0,1
1992,"58000","29.75","5","2022","연립다세대",173,3,1
1993,"34000","33.57","1","1990","연립다세대",75,0,1
1994,"58900","24.64","3","2022","연립다세대",173,3,1
1995,"108000","84.97","16","2006","아파트",155,1,4
1996,"43000","54.49","4","2004","연립다세대",19,1,2
1997,"620000","139.04","","1971","단독다가구",1057,1,3
1998,"122000","40.94","27","2016","아파트",126,1,3
1999,"55000","24.42","5","2022","연립다세대",173,3,1
2000,"165000","59.76","12","2001","아파트",19,1,2
2001,"165000","59.76","12","2001","아파트",19,1,2
2002,"210000","98.47","","1994","단독다가구",37,1,2
